SET SQL_MODE = "NO_AUTO_VALUE_ON_ZERO";
SET time_zone = "+00:00";

/*!40101 SET @OLD_CHARACTER_SET_CLIENT=@@CHARACTER_SET_CLIENT */;
/*!40101 SET @OLD_CHARACTER_SET_RESULTS=@@CHARACTER_SET_RESULTS */;
/*!40101 SET @OLD_COLLATION_CONNECTION=@@COLLATION_CONNECTION */;
/*!40101 SET NAMES utf8mb4 */;


CREATE TABLE `address_customer` (
  `id` int(11) NOT NULL,
  `number` int(11) NOT NULL,
  `street` varchar(55) NOT NULL,
  `city` varchar(55) NOT NULL,
  `postal_code` int(11) NOT NULL,
  `customer_id` int(11) NOT NULL
) ENGINE=InnoDB DEFAULT CHARSET=utf8;

INSERT INTO `address_customer` (`id`, `number`, `street`, `city`, `postal_code`, `customer_id`) VALUES
(8, 34, 'Ratata', 'Chartres', 28000, 15),
(9, 34, 'Ratata', '353', 232, 13);

CREATE TABLE `admin` (
  `id` int(11) NOT NULL,
  `last_name` varchar(55) DEFAULT NULL,
  `first_name` varchar(55) DEFAULT NULL,
  `mail` varchar(55) NOT NULL,
  `password` varchar(55) NOT NULL,
  `secret` varchar(55) DEFAULT NULL,
  `message_id` int(11) DEFAULT NULL
) ENGINE=InnoDB DEFAULT CHARSET=utf8;

INSERT INTO `admin` (`id`, `last_name`, `first_name`, `mail`, `password`, `secret`, `message_id`) VALUES
(1, 'CAPELL', 'Gabriel', 'capell.gabriel@gmail.com', 'root', NULL, NULL);

CREATE TABLE `command` (
  `id` int(11) NOT NULL,
  `number` int(11) NOT NULL,
  `date` date NOT NULL,
  `customer_id` int(11) NOT NULL,
  `product_id` int(11) NOT NULL
) ENGINE=InnoDB DEFAULT CHARSET=utf8;

CREATE TABLE `customer` (
  `id` int(11) NOT NULL,
  `last_name` varchar(55) DEFAULT NULL,
  `first_name` varchar(55) DEFAULT NULL,
  `mail` varchar(55) NOT NULL,
  `password` varchar(55) NOT NULL,
  `secret` varchar(100) NOT NULL,
  `address_id` int(11) DEFAULT NULL,
  `phone_nb` int(11) DEFAULT NULL
) ENGINE=InnoDB DEFAULT CHARSET=utf8;

INSERT INTO `customer` (`id`, `last_name`, `first_name`, `mail`, `password`, `secret`, `address_id`, `phone_nb`) VALUES
(1, 'CAPELL', 'Gabriel', 'gjreizo@apegj', 'aq14e1fb2185c8f4187d4e9998a8d96ad82d2affd5d25', '869219fc0db36086bbfe4dc4a4c5f615ce3d64041664786041', NULL, 611892893),
(2, 'CAPELL', 'gez', 'capell.gvgef@mgila.com', 'aq18e3b4b881239f15476c231287b3e0c717b6f383325', '7a939615842c8cd6315df68f4dd8ec5ed61323661664786942', NULL, 525253),
(3, 'CAPELL', 'gez', 'capell.gvgef@mgila.com', 'aq1fe7b8b91cf08ed8ba3619e4ccaa8e18c87df342a25', 'ec3ff745f2cbb9c7a79ea9f8d45abe51aad0dfc01664797126', NULL, 525253),
(4, 'CAPELL', 'gez', 'capell.gvgef@mgila.com', 'aq17d20150b3a8da8fb013dcd768302599f814bb03025', '4296fcb8e836ff4a3352cc16524c461197ba0fb71664865776', NULL, 525253),
(5, 'CAPELL', 'gez', 'capell.gvgef@mgila.com', 'aq17288edd0fc3ffcbe93a0cf06e3568e28521687bc25', '44641744a2698bdbdf1f1d067316c1e9d76684411665058833', NULL, 525253),
(6, 'CAPELL', 'gez', 'capell.gvgef@mgila.com', 'aq1b3a500224a8157d7c961adaf1a9c85dba97a033b25', '4362fdb2cc7eb44d6112ecffa01ffb57667104f11665493220', NULL, 525253),
(7, 'CAPELL', 'gez', 'capell.gvgef@mgila.com', 'aq1b3a500224a8157d7c961adaf1a9c85dba97a033b25', 'bf5f54c4ff5c4ec51bbbee7bcbc028263d34e1cc1665994619', NULL, 525253),
(8, 'CAPELL', 'gez', 'capell.gvgef@mgila.com', 'aq1b3a500224a8157d7c961adaf1a9c85dba97a033b25', '75bc3ab66fc106372aa9df295cd0bc646ea0480b1666079549', NULL, 525253),
(9, 'gerz', 'gezg', 'fez@eafeza.fr', 'aq1b3a500224a8157d7c961adaf1a9c85dba97a033b25', 'a007f7cb094c4a1ca98b834c6d1e28f817e4f3ce1666101223', NULL, 525253),
(10, 'dza', 'dza', 'dza@fez.fr', 'aq1b3a500224a8157d7c961adaf1a9c85dba97a033b25', '94cb3e019101098c7731f1074741aeef6c25ff9b1666158267', NULL, 23432),
(11, 'CAPELL', 'Gabriel', 'capell.g@mgila.com', 'aq1b3a500224a8157d7c961adaf1a9c85dba97a033b25', '96175501234abcbea598c153f9a510c7fd64faaf1666184989', NULL, 611892893),
(12, NULL, NULL, 'capell.gabriel@gmail.com', 'aq1b3a500224a8157d7c961adaf1a9c85dba97a033b25', '8005ad1c6b3ffb9fa749fa40a6e2ad4de457b8671666185181', NULL, NULL),
(13, NULL, NULL, 'test6@test.fr', 'aq1b3a500224a8157d7c961adaf1a9c85dba97a033b25', '5835226999f989a33b6cab8c14922f812672c8a11666256549', NULL, NULL),
(14, NULL, NULL, 'test7@test.Fr', 'aq1b3a500224a8157d7c961adaf1a9c85dba97a033b25', 'b4accf28d91e32b63caa61f5aa621de0a1dd23261666277236', NULL, NULL),
(15, NULL, NULL, 'test8@test.fr', 'aq1b3a500224a8157d7c961adaf1a9c85dba97a033b25', '84f32aab0f10c5b5d64761a86f86221a2e025c951666359462', NULL, NULL);

CREATE TABLE `message` (
  `id` int(11) NOT NULL,
  `text` varchar(2000) NOT NULL,
  `customer_id` int(11) NOT NULL
) ENGINE=InnoDB DEFAULT CHARSET=utf8;

INSERT INTO `message` (`id`, `text`, `customer_id`) VALUES
(1, 'feaf', 1),
(2, 'fezfezf', 6),
(3, 'afea', 6),
(4, 'ssss', 1),
(5, 'greqgegrqegq', 1),
(6, 'blablablabla', 7),
(7, 'HUFEOAHRFOEAZHIFEA', 11),
(8, 'TU ES NUL', 11);

CREATE TABLE `product` (
  `id` int(11) NOT NULL,
  `type` varchar(55) NOT NULL,
  `price` int(11) NOT NULL,
  `game` varchar(55) NOT NULL,
  `console` varchar(55) NOT NULL,
  `image` blob,
  `seller_id` int(11) DEFAULT NULL
) ENGINE=InnoDB DEFAULT CHARSET=utf8;

INSERT INTO `product` (`id`, `type`, `price`, `game`, `console`, `image`, `seller_id`) VALUES
(6, 'aventure', 22, 'Life is Strange', 'Switch', 0xffd8ffe000104a46494600010100000100010000ffe100624578696600004d4d002a000000080005011200030000000100010000011a0005000000010000004a011b000500000001000000520128000300000001000100000213000300000001000100000000000000000001000000010000000100000001ffdb00430006040506050406060506070706080a100a0a09090a140e0f0c1017141818171416161a1d251f1a1b231c1616202c20232627292a29191f2d302d283025282928ffdb0043010707070a080a130a0a13281a161a2828282828282828282828282828282828282828282828282828282828282828282828282828282828282828282828282828ffc000110800d8008503011100021101031101ffc4001c0000010403010000000000000000000000050004060701020308ffc40043100002010303020305040609030403000001020304051100122106311341510722617181143291a115234252b1c10816336272b2d1e1f034377417243544829293ffc4001c0100020301010101000000000000000000020300010405060708ffc400391100020201030203050604050500000000000102110312213104410551610613227191143281a1c1d142b1e1f0151623333552536272c2ffda000c03010002110311003f00acf5e75b3f411358fa2b16e925aaaca88ea5699ea0a2513342acb099844d36400e5307001c674d5876b6ff002f4be4e03f18d5934c209c6d2fbc94b7969d4a34dd5f7b5611ebaf65b59d2fd3f15dd6be3ada56282402331b47bbb1ee7233c7d468f2f4b2c71d7768cde15ed2e2f10ea1f4ce0e32deb7bba17b01ff00b8b4bff8f37f9343d37fb8bf10bdacff008d97ce3fccf4f6ba27ca85a8416a105a8416a105a8416a105a8416a105a8416a105a8416a10f0dfaeb8ef867decb3ab6b6b3fac95f48279ff46cb6892a638b71f0989b7edf100ec7b119f86b4b6f5b57b57ff2793c58717d9a1974ad6b228b7dff00ddbafe84ff00daec37187d9fdde4afaf866a0a87a414102c415a1c637027f6b38cfd3cbb6b5752a4b13d4f6da8f3bececb0cfc471ac506a494f53bb4fcb6ec56fec07fee352ffe3cdfe43ac7d37fb8bf13d4fb59ff001b2f9c7f99e9fd744f948b5082d4210bbb75d259bad29ec973a65482ab6882a52407de3c61d7cb93a6ac5aa3a9175b133041190411a514675082d420b5082d420b5082d420b5082d421e30e9fb70b9d6b53e18b98dd902b852580e073dfe439f4d72231d4e8fb7759d43e9f1ebf55f4fefbbd897c54b77a1b3c34ed577482d1346dbe3fb5a8431924bed5f431e491ea7e3a7d4e31ab74715e4e9b36673d117913e74bbbed6ff00f6efe46976a0b9dd0c34b75b8575c2687722426ad64194661214078c61481e7b87a6aa5194b693b2fa7cf83a7bc9821182756f4b5ca557eb6efcabd47dec5698d1fb55fb310cbe0a54c786209185239c7cb57d3aacb5f315ed2e4f7be13ef3cf4bfccb6ba97daa74b74fde3f45d65787ac462932c432213c70c7b679edf3f91eac714a4acf971378258e78639a170f148a1d1876604641d28b34ac95a9e9269a389a67442c234eec7d06a256c853b71e88bf75cde8dd2f023b62ac3b6201794fdd1ea4f3924eb5ac90c4a96e15d16f5a68d6df6ca4a24779169e25883bf76da3193f1e3595bb7608eb54416a105a8416a10435082d42c4350a16a10f15744ad5dfba928ad7646962ada962ab2862a1140259988e40006b3cbc3f2416ab5f99f489fb5fd0645a678a4d7aa5fb969b7b18ea86408d79a12a06d0a6697006318fbbe800d27ecd3f3057b5be1e9dac52fa47f733ff00a37d5461688dee88c4cc5d90cd2ed2c78248dbdcfaea7d967c594bdadf0e4f57ba77c711fdc31d1dd037ce8cbf1ea0b8c897558229018288bc93c859703686001fc74cc3d3ca33b6ce5f8c7b43d2f5dd1be9f0c1c5b69f0ab67e8cf37f5ad1cf47d4b7013c17383c695a502e5078539dc49258762724f2383f96bb917b1e3d1e85e9efe90363a7b1db23b9dbeb3ed494e8951f644431ab018f7416071c67e19c6b2be9db7b32a9923b4fb77e87af916396baae80b1c03574acabf565dc07d742fa79a2ac975b3aa29ae1d446dd0287a7969fc7a5ab460c93e3ef0523be01041191dfb11a178da8d93d42f7692ba2a5dd6c8229e70c3dc95f6823cf9f5d02aee58e6999a4823792331bb282c87ba9f4d5321bea10ce31df5086350872a9944303c84e3038cfaf96ae11d4e8a935156cd28eaa3a9890a38662a09c6ae7171648cad58e34258b508563d07ec9ff00a973cd5169bf4df689942bb3d142c08ce48c9f782fc011a74f36ad9a2acb2695675840aa923965fde8d0a03f424ff1d259601f68b7a97a7ba22f174a6655a8a78331161901cb055cfd4e8f1c7549264290eb6fe903546d14747d2d0ac7727a74359592a656190afbcb1a9e0907f68f1e80f7d688f4eaf7257628fbadcae37bac6acbcd7d5575537792a242e7e433d87c071ad318a5c1690d44408e31a2a2e846318d4a269243d1dd5b7ce959d65b3d416a74904af4d28df0b107b95fd93fde520fc74b9c14b92a8f507b32f6bf66eb39528278cdb2f44714b2bee49bd7c37f33fdd383f3d63c985c37ec0f1c9660e700692594c7557b47b84b7e5feaccef052d1ac91ca93c40accfb88c907b018e39cfaeb7e3e8d69bc8e85b9a8ed56cb0bd9ba4b1f475b63a8a96a9a8d85d9d9f7b7bcc5b07e40e31ac9974ea7a380edbdd9262a40e548fa6965d9ca7852789a3906e461823569b5ba2aaf9310c3153a0589151471c6a36df25a4970741aa20b50820350867508521fd287ac12d9d370f4ed34a0d65cbde9d1704ac03d720e37376ec7dd3ad1d3c2dea6523cb8bdbb0d6c4121cc437ae0633a241a3ae18a05639238070063528b48d84791cf7d105a4de39becf13a886362feeb3302495f4c68182d3433495e075923668e542195d4e19483c107c883a16097dc3fd2245274953472d04955d4a2208ece02c05f38de7073c8c1c0c727d358de34dedc15a6b929aeabebcbf5feae6a9badc27f125182909f0e303d36ae07e39d4d2865a82e08ed354b83ba1a99227ce7dc72a753745aa97724163ea4ba5baa83c779bbc0e1836fa7ac7c8c77e09c1cfc756bd4b7154d2e4b77a4fdbf5da8ea123bfd24772a0e01923216a507a9c00ac7e83e7a09462f8056175cee5d553d414dd4bd37475bd3d2bd551543fbef1a90cbb467691e472002347d3e98c9b99973466a351e4925a23962b5d22549cceb1287ff1639d266d3936b80d6cb71de84b33ab202fa9eef1587a7ee1749c23252c2d2ec6936072070bbbc89eda9156e8895ec8f1a5f64a9eaeea7acbb56ac9f68ae90ca55ce7c143f7107c157035a1cf42a5d8df8702695a34eabe9786df474d2d0ab82c36b127219b3fe9abe9f239b6993a9c11824e288bc21e338718f43e475ad5ae4c7163a43bbbe890c475038cf7f8eac2347fbbdb8d0b203673872348cb2ec2bb8da38cbc85876078f89d20895b3b253196a02e3773b547a9d5c5393a4149a8a727d86ef46db5e523003607c39ff6d5f7a0542e3a98ee82378980071e783c823d7432dd0fc69c492d1dbc5c99e172b1ce90b4a9eee7c4c79291e7a2c186591b4bcafe62faaea638146525cba6fcbd4dba73aa2fdd1b70335a2be5a662478919f791f1fbc8786f9f7d0b853a92a61c9a9c6d6e8f5ef40f5257753dba1af968e0868de107c456604cbfb4aaa7ba8f3638e78c1efa54e2a3c33146f7b1eddfa9a92df54d4fb0cb2270e036369c038fcf4fc3d264c91d51d84e4eab1e27a65c8dfadeeb76b1d0bdc2860a4a8a388666470c1d3fbd907b7f0d2b1c63274cd288af5153d6f5d7b366aba78a9925aa48dd44533485704ee43b80c7bc141c6aa4b44a866396996e509d31e1fe9234f34a56a9c102164c1c83ce0ff2d0e44d2bad8ebe171ba6f70bdcaad29679692ed718a285ce046f4c081f5cf7f8e831df305b8dc8a2954decc0b70e9c58e2153452535640dc9619da47c47f3d753a7ea2399e892a91c7eaba67896b8f000bada25a2dd2a84688fbdfabce31f0cf3c76d689c34ee65c796dd0ca06f123edef77c6969d9ae2ecd67f741c68594c652146a6f0d50f88cf9c9fc38f86b34dab154f519822c3f1c8419fae96c74550ee9714b3c4f8cba7bf9c763a284dc5ea4565c4b24743e07b224352d4d1a44a9120f7b1e679c93f1ceaf2e4be0be9b038bf89dd9c69e11f66085712464e0fa8d25f368d2a3b5196c491edc9460786071ab8b71e08f1a9adc6332caca629416653c1f3d32dbddb14e1d8bfbfa31756cc62afb2559cd2c46378c93fd9163b3f02768f81f9e95923dccf912e5172defa3ed778ac35351e2c5291ef18db1bbe27450cf962aa2f61149f29324040604300411820f9e9010c9e90535bcd25ae0861520aa80b848f3dce3cfe5e7a96df245ea51d43d2b147d7f763123352d0d41547639dc768ce7d4e7bfc7419723ad27670aff4d4e5cbe065d6dd2f4b5970a6a875cc8ac493feda0c59a58ee87bc71cd1d3343b8fa72852d359353d385a8951893d86ef5c0e068f16792c8a4c566c6941c17056554c92d198092482cbf3038cfe191af4997789e6e1f788b4b4d25255986566deb8ee73918e35831cb51d1d2e0e8ecd0ef5e068e41a560e822dd7040f908b9271e9ac40d6fb131b7f4fdb6a2e15108adf0699115bc77c104e3247969908466eaccf3cf93147569b6c09554b0c5729169e75a9895bdd954101fd3be933f8764ecdf89b9c54a4a9f90e7a66d3557892414abef20ce4900024f1c9ede7a0c9350e4d1831b9ee895b592a669c13678a20f859a3156aadb871e220f2fcc1d235a4bef1abdd4a4feeff007e63fadf6690d242f5935586888cf0bb1bea7b1f9e354ba86f640ac11b7657571a4862a790c7708e5a952088e25f742ff88fdef98e38d6b8b7dd6c649c553a95bf4243eca2ecd41749e2a7dab515d19a6965906408ced3c0f50ca083f1f869b186b7a4e775397ddc1cfc9a3d8315c2152d1c927be80024f193a42836ac46b4db5e43b1a5860ebd5cff0047d14d2a8c88d4b336400a07992781f5fc0ea0508ea7452dd3bd59e3964a6a40d1cb2c8c5d9c876f7bef7c4723bf3acb960e2dd9e8e18e338a77541a9e26ab62d20f3e0694995b440dd4f57f61b63c224119752324738f96ba5e1d8165c97cd1cfebf3b863f9952447c18c3d492eeeecc38c120b704fa7aebb1d464508d1c8e9f13c92bec2aea7fd25134d18fd62c9ee1fde18c7f1d72a137067632414d6c72b4529a860bb4fa69f3ca92b158a2dba1acf679e2fb4d418cac48db0e7be0e79f971a5c71ca58fde2e04cb2c639bddbe45e092888c380bb88f89d2756c688c3738d30ee40e50e08f91d46838bb251d056da9b9c170b6dbeb7ec5525849bc0fbcbdb19f2f9fc74accd26a4d59a30b6a0e29d128a7f6773d08a379e7095304ed2b4f92ed2a91c230e3f1efa5cfa8524d241e1c528cb539d86faaa279ba725a69b322a61de3ce0ba8ee349c52d32b34658a94595a7565a29a1b2c5252493345105110948ca2e58edfc589d6dc7965297c461c9821087c045ecb7216cb850d6dbe12f2d280f2789ef6581ef8f419c7e04eb54bff00139a96ab53e0f63f425fad7d6bd3d05d129e359586d95327dd7f31c7c748539476467c9874ba7b919f6055375b8f4bd5dc2f35324ff68a82227724960a39627e671f4d5f514a548268dbdb55c52a2d7074ed01925b8d548acd0429bbf57cf7c7af90d262e8d7d263dde49708ae286d575b4dc9689a68a9aaa15fd621025640dc80d838cfc076ce9399aee76fa4947241b44ba6acb8c346de046950e07bd2c698c7c94b727eb81a5638e36fe362736a5f711585c2e66b6692aaa99d9013ef48460e3e0383f4d7a6c0a3831edb1e7333966c95c806a21fd22d29766490e0428064771f7be99d609e75293933a10e9a518282e4396ba1689032a9f0e3c007cb8ff7d6394ed9a946898fb3de8892ebd41032211407f5b2b79000f6f99d2d49e5f8054b2c7045cbbf6047b48b6cb4177bb5344192312ba6d03194dfb87d3075abde28fc313263c2e69649ee44a6a622259906ef74023484f7a67434ed6817347e1b1950654f0c3d34ce5501c3b410e95b8bd05f20649561919804918e149cf66f81fc881aa96caeac8e2e69c13a6f867a16d3511dce9c978cc357171340dde33e5f307b82383ac334bb703e1292552e4057289a1bb4f3d753c92d1e02ed8c8002e3924773cfa6968db169c293dcab3da4cf125a29929788e498000f928cf1fc35b7a75bbb31f54ea29206fb26e8dadea95ba4b6d900ada288c912bf0b312706263e591bb9f23ad33954a8e6a928c137e64d6c36bbc44b50fd2f708ecf58cc12e54358ed16c99780eb807861c91e441c6411aa4d3e426f4ecd5aec7a0ac56a8acd6f828696599e9615091aca412a0790200d25cb53b6632335b76e9fe9292bae35b28aabbd43979040a2498e4e02a8fd9503039c76f3d5c63a9d0e6b2648d24e9104b4dc2baf17cfb6d45bf652ceedf628635c9655fbe718cb1c9cb31f3e34beaa2a9286e74fa27a232591d3dbfa7c821d4465a888d353a4b046e0ac83c06ce3d359714941ea71b68d4f13c8ab524bf02af7b4c972aa90c79f015b6a6f3cb8f5c790f3c7cb5b7275526be2178ba3863de24aadbd1d144b1b39dcd8c007d3d4eb23ccd852d2896c1d351cd4069e9d7690060e3522db7665c992b6275d0d649ed2015c78646197b77d6bc306a7ace5e79a6b48cfda774ba5ca9deb2145f180f7c7ef0c63fd347971ff00122fa6ea34fc0ca02e5422959e9db2aad919f43eba46abdceac6b8f322ae92a541867c2cc38593c9c7c74f4d55a154d3a610b2cf4b4d56ab251a89f6346de2b7ba770c67183838ceb5e2cb8a1fea55f66bf530f59d265ea71fba8cf4ee9a7f2ec593d1d5978a55a7a3bcdb669a9e2ffa6ada73b9e35fdd246495ff00846b9395e36dbc6ff03ab18644ab2adfcc91753cb7178f640699508ce3c26727ebc6b3a6af73661842aca2bda048ef5b0d1390658230cfb7f79db3fc00d747a7551d461eada73d2bb16f7f475aaac69ae52dc60c34cff651384dbb9a25070dfde209393df69f4d1e69ea69f73972c7a62d2e0b16f1596696e93a5d6ce66a9880512150372738e7233e7eb8d48e3735684ebd3de875d45d47fa02be87edb4cdfa2ea329255ae4881f3c6e1e846831e3f789d3dc20d3c505652bec2a5264204b1e33823bab7d783a5f0452680b7ab4d5c14d4a9d2f1c14b53bd2269d88fd540bfb2010723e03cf9efa3838a7f1125394b9617b3adc968cadda68a4981237443031e473feda9271bf840a20bd7d474b1d65b16d74cb2cd14463648173b50636ee6ec077ee759b32b5675fc3f2b4a6a60ba6a7a82478f32c3fdd8c65bffd8ff21acf690f936c94d869210c0b6f73eaee4ff3d371cf73165b27d42a8b080b81aeae36a8e5e4bb1560492178880c594fbbeba99382a1b3b3cf5ed16d060b8d4c4f19550dc1f87a8d7362ea752747721f1e2b8ab2be9ecf53551ce94c44cf160a6e1827fe7fcedad39278e13f85ec4e9e19b263bcaaa5fdf3fdee1a4e8b96e3668f7e12b57051fb1c1fd93ff3b8d6759f4cb6e0d6f12942a5c93ce99125aed9491cca770450ebb8fbac3bf7edacd376db439454a344c6a2391edd2c86df52c5232fb44249200ce07a9d128c9ed461738465f7d7d48fc3d0b6cbbff57ba8296929cd5c5244f291ef4755113c961fbc01f3e4118f2d6d8bd2b49cfcb99ca52f5271d3f6aa0b43dc69e8d86e9ab1eb64438cab4983c7c3d354dd886dbe42ad1c6e72e8ac7d4a83a96ca38d5411d5d2cd4f30063950a30201e0fc0f1a152a768ba235d3162baf4c3250d1552dc6cdc90b52c1268493c852061879e38fa69f3c91c9bbd983541f96b5e52e94c76229dbe260124f9ed1e9f13a5a88c505cb04cf4db8ff00efaa26a942782ed8dbf41818fa68a86c5a5f750fa9d5215c2602fc342e246ef936610b9f7d55bfc401d034bb949bec6608e951f22341f218d2dc62bb04dc9a0b53d5c68b84034f8654b833cb1b7c919ea9ea5a3800304c5a756da4c67ee9f9f6cfc34d8f5908ed2565c3a4c92dd6df323f73eacb6d6db2486ba0596abc3c07750403eb91ac99271936e28db83a79c1a6e5b158c4b4b0d5f8d0481319185ce08d2b4c9adcea29c16f64a6df7aa68e02658ea0e3f6961620ea7ba62a535d82760ada0ba5f6963353188b7ee6121d9db9c73ebc0d5c71b4f7072e6d38a4e3c962dbeff6cb855bd3d1d624b32f385079f3241c738d6b9639c55b470534f81bd1dda905f65b453c2108432875236b367df007c3239f5ceae58a51829bee2e39a339bc6b9430ea7b2cf35e6d77db665ab685b6c9086dbe3c27ef2e7d464919e0f6d54251a7190ddfb7049461802338f88c69611c8368021b5d2a7c0a5f74e1e4611a9f4ce727f00745156cb82b630a59556140300018c7a6b4209ab14d3290430cf1db5648c58c9ab767bbe9c6740d8d504c1d2dd88982ab0c1e7767b693290f8e2476a7b93b7df9230ba4b904f1aec06ea8ea3922f0a8296708d302d2ba9c305ed81e99f5f4d2dbda90cc5857de680b5012411c6b82883803cb522a836af766f051788ac5416007cf1a62028c476d44903385dbe671ab4c3a3bdcaa69edf464cc700f6423bffcf4d44dbd917a3bb23f25cab5ff00e9d228d7bed74238f968f4aeec252f24493a23a89add2caa6352ae46f8db00e3bfbaddc7c8f1a194e51d9ee85e4e8e19adc769168d1d3d22b35553c31ac95003b4817de60791cff2d31c9be4e369d2da1c13a8435dda810d564d0908df56dc04571b5d3e7bf89337c800a3f89d331a1b8a3b36714bcc1fa1aba641b9e2a98a3ce3b6e07fd35a170cad2f5a414b1d7cb3dbe07a6c1aa78eafc3c1032ca171dfe27451e36f503245293be360451dcaf120bd8aea615572a48e0f0e268966da19f9c05ce78e74bd52def76873863f874ba4efd0090c35b78b9560abc51490a09248c425081e8a9c738e71e7acee2e6ddec6c4e38609c77bfef936b2d4c694f7b92dd24370aba6863960dd16f1e196f7db61ee40201ef8e743054a4e3bb5c05995b829fc29b77fa6e6bd3dd58f5b72bcfd802434315ba6a98e1685184732a82594e09dbbb24027cf4cc79376a2a957e62b374ca318eb76ed2bb7c1dad57b92aed1475525b69ee9535f736a6973000c54227dd200db8ce73a906dc536aed83971a84dc549a495adfd5847a45a9a9ab2ff0048183c33559b5c0e0e4658487bff00f88d1628a8b92f3d80ea24e5184bba5a9fe405b0d1435bd0d3ce1221798e699a26e7df5882974efdf0491f2d2e18d4b17a9a72e5943a84bf8697e77474b6411c969b6dea68a9cd5416da9a9c30dcaf289b646c7c885ce7e834708a8c549797ea2f24a529cb1decda5f855b33d3771b8dd2f36ea5ba54c57080ce8ccd346ace0f3900f929f3183e5db558e6e724a5b859b14714252c7b6dd8d2f75570f1809ede6dc017552b4421f107cf1cf91d04dcfbaafc06608e37c4aff1b277d37744b85b627046f030c3d0f9fe7fcb548e767c7a24c285f5051aefd5a203c49f1d5510acfaa2ea27eabaa2adeed322d383f11cb7e671f4d3e0aa269c51f847f4024afe92baad3432d438ab80ec8232cdd9b9c0d3798ba29b51c8adf663eb3cd15374fbd3cca94f531d35c0bc327baeb944c654f233f2e7517ddaf9952de76b8b891de939ab2aac1d5096a350d59e1d36c14c0eff00ed4e70179ed9d2e117a6546acd286b86be37fe40ba6ba8b6555c69ba824b8c35922c2198ab78c8c1d58373cf0003fc342a2d37a829ce2d278d2a57f2310cb5776bc5d2b3a75ea457d052c53c6d4d0947ac906d595913823925b04723cb9d12c76f52e45bcca3150c8b67f92ec1f96110f51dea5969853d54fd30f5157085da239da305c6df23d891f1d168ddbf412b2dc22bb296df218f48f51cd65e93b254d3c8d1d2b5f248ea54360491f869907e849d542e115f30f328e5c924d6fa760b9b8d3f482456c58a86aa78aed2d448932ee68114a88dc608da4a6483ceaebddecbccaa7d4b736dad92fdce55f7186c5052575bbc39608ba82aa48cab64488c8a4807e2a48d03f8375e6c382f79709f2e297e249ae715b287f46db55923a0b85154450cdd963592412267d06700eae4946a3d9a62f1ca73d592b78b5f92a677b1cb516a1456fb94d0b3c953045490a3239550c4b37bbc818e39d5e3d51f864fc80cfa32373c6bb3be4895d0dde39b1738ab911e46110a80d83cf967e1acf3525f78d985e3fe0afc0e9d1f593d0dd9e03fd9cdca8fef8f2fa8fe0354985d46352458cb38650c3b1d12392d53a62f1b1e7ab2c8fddeaa686d7592d29513a44cc9bbb640d525b92093924ca8c406288bc7960fef6ece739f3d683a142a3b95751b38a4aca8a70fcb08e464ddf3c1d55b29c13e51aafdaee75ae373c956eace5e462ecc147724f9f90efdc6892b05cd634319e1aab652354ad5fd9d2589652cb2ba9607951803e3f2c83ce8d404cb327b0ceaadb7496adccc53ed07637eba43b9f72e7b91e401ce7d3033a2d02fdf2ec621a5afa2a9a0657482a2a8b182559194aed241391dbb67e4468940179531b56505dbc56964a9c19a496332b4e46f2832d963dc6371f8856f4e69c0259503a964a89e963125d923a56f12658dcb3a8551879318c7963d4fa687407ef771ddc2498cb3c770ab9269a28c4cec4827687d8307249391c7c355a0b8e55c2246294253ad14b513787049855926764f15941242a8c6718c9fc33a5ca0d8c8658f35b857ec5729a38a05ac2d153abc28923bb05da5b2a991c0f71bbe8258d8d8668add2e4e90d3cf4f558ad291cc092ad1c9c90090181fa1d07bba1d1caa68294d378d202f532caa9d83b97c7e3aa69be48a9708764ca66f129c042843073ea342a1416a4d6e4d2db59e3532c848f7c0618f8ffbe757c1cccf1a91d25aa08d81cea58108da21bd77706a7e9e9a38cfeb6a88817ebf7bf20747156c2c11b9af42094eb2431e031c79af969a8dace534ad927690744900dd026baaa52a594ba379ed2479e7f903a38c444e5e645eaaf3570c932452b0620a962ec739c71dfd00fc069d14ccd266b4d5d789e39521ab9b6b6090a76af72724fcf3f8e8b481a8ee65a8431b4d706f190ee511e5d83631907b038c0efaba25a065554c9348caa6ae590f7df3019efe43fc47f13eba1a258de03728484a592a208d1f7aaa6e186c7de1cf071e7a9a49613a5abba52ecdb532b47b1b1e233a850c72c4f3e7dc81df55a424c94592a6ff00251cd2b4cb342d8550b239c81d8681a0e320fd8ef12a8dd5152f13c80860b9201c92460e3274b7163a33477b8cf4d5db1e1aaf1a4efe2313eef7ca8cf6e727eba5b88f8cbc831628e386201002079796ab491b6c27535ab146ecf85503b9d4a4146cefd3b778ab29144320611ae0e3fc4da5e415955057ed43f689274a168a8ef578aea9a9415352d28a70704a00371ee4003e1ad6a1486c74c1ec3386ff003216de11860e303041f2d128b23c88c8ea1a77402a15c4c7838191df8d1a406a1a55d7412f0b305278dabef30d1a1322257b9e386a498600ecfef6f9b93f8761a64444983cbd557c5e1bbc85010408831031f218d1720059a09529437875438ee5420fcceac83248b63efa8214633c48188fa291a12d07edb556383689eaa45908ce12056e7ea4ea161882f3061528d6b2a8a9e0240a4ff971abb2054d5dc7ececb358ab208e41b439d8bebf2d0309323576bf4ea860a23b02121fc53ef2fc883c8f4d0d04a6696fbc5422033899dbf782920fcf3aa68746449ac9d513b4cb1c74f12827969580e3b9fae34b711a9807acba8e79e5907da0b20395547ca81f0c7c3cfe3aa58f71ab224839ec6ae2f3c7708dd89daaa467fc474acd1a15925a922c57a8e7beb3d0145355b5888d2e1f2339c91df5d451172901e3a992a199961017cdce719d1e815ae8e151554bbb0d2027d1493f9e81c4253184f5308c490ababfa823f8e84b6c1b5b5b3c8146f6c8e41f3d121326708aa2adfef3caff00027fd746ac5b6108a3b9d442c638d996350fd812149fbddbb68b7050a2b5dca45c860a9e649c01f538d4a65a617b6da8452289e55773dc46acec7f96ab484993fa1b7ad96cb515f7082b501a7dd03249e12ef278538ce1bcc03df23c8e82adf215d006eded0aaaa29d69bec90b44b8059d99c9c7ae78d12824539b23bfd71977914f474caa0fbcc89b41d46fc891632adea2acaf5746da887e24e846a60fa499c4e72e4827ebab488a5b852a04622001058faf3ab5119ae89e7b1c78c54dd635277f868c3e2371c9fc71acbd4c69263212d5b163b673ac9434a52e1495514e6034d378c46768424918ce47d35d48b4639b23b5b58f26c0663b1380a3231f4d32c570368e069cf0dc671c9d012e89ad8ba46beb2c5254a5019a98c8a3c75e590f62179e73c0c63d7e3a1a05c894b7b34921b353c4cb23ced23b344f09568c01dcb7af6f77b1c8d12d85b990c3d393ad6bc1153edc37b99cfe7a2b21747477b2f91ec5235ca3435132ab2c8772187d7030371eddf8e342e44d548559ec7a36ae2881c46df726c03807cd87af7fe439d4b054c33d3deca69e9a66a9a968ab210a156399595948239cf7c63c8e46a9b094bc873d63d08b759699aa6a6578f90d0f25173c6fc67ef01e7fedaa4e8bd5641bac7d91c525614b5c9051d24317f693382656f539edaad4cb4416bfd92dc20b54950953e24cae04514285d66523820f1839f23df9fad6a0d15d49452d3cf24532b2c8a4a90460820e0fe7a241d8ea868d8b038f3d1a2a83715016425949c79e3b68b520a89d7b2eb2cd4d59575f22158a48446991f7b2d9cfe5ac7d4cd35a50fc31adc9f31e791ac6681e750db6bea2731dbe921fb4b2834f54a36b2376e4f39c67b76e33ad50661b29beaae84a8b4d4d43ad6c55d544b071b0ee2c5b69393e793e78ce47aeb429dec0d771f7407b36abb8d5453d6501f0603ba4595da30c32783839cfc3fd751b05ba3d1161e8ab7d0d2c61e9d1c236f8d3716442704e33df9cfd31df45133cdb246f6a12c6038c29ce703079d5d809301f51daed561a3371a7b6c0d38914379649f3cfae939727bb8d9d0e83a45d5e5f74dd0197af2558f68a14f9f88759bed6fc8ed7f9761ff71fd02543d4d709a916586d70b42dce4cfdb9c64e89679356919a7e11d3e39384b23bf9097ac6acfdcb753150a1b7098e30771cf6fee1d57da25e41ff0083615fc6fe9f2fdd0ceb7aca586a5c4d6f81f61d876cc480719e38d53ea5aec331f81e39a4d4defe831b8758fdb50acf6d8593cd5989d0fda9f90d5e011ffadfd093c54914d41148e899281c0c6429f2c0f86b4a76acf3b923a26e2bb32a3eb4e8ab71ac352b1b4b5422ccf1c5091bd73dd4f6c9f4d12917122566e8ba992aa548e22bc1cac806e524f031f01dfb7c3525318897f4f74ba5024e6ae3462fc636f18ec783ebacf3c8d8e82415a0b7d3d145e0d2c6b1c79ced1db3a4b9396ec6adb831244c1b5024c90dc6eb516e96963a68a191a45762652c31b4af031fe2fcb58fc47c457418e3371d56eb9a17d2f49f69938a75470b94b5cae56e364b7eeab45cab993322e781ebdfcb58737b4193a7718e4c0d396eb7fe83f1f86c72a6e1953af43bcf5d7be9eb68913a7a91635ced52eea3ccf7c71f5d689f8de5c293cfd3b8c5f76ffa0b8f87c32b6b165527e458d6894545052cfb02f8b1249b476195071f9ebd0a76ace4341255c8d11430bcda29eed4669aa8bf845831d870491a19c14d533474dd44fa69fbcc7c805fa0ec71c6cf27da02a8c9264eda4fd9a074578d754dd2afa1c53a6ac5187095556a22073b6660179ff5c6a962c6bb84fc47ab7cc56fe8bfbe0da5b0d8f0c9257d61523690676230d8383f3c83ab78a1e60c7aeeab98c17d1761bff56fa7266da2ae7919d871e293963dbcbbf6d0fb9c6fb8dff11eb60af4a5f8189fa2ad299c2cff00ff004d4fb3c05af1bea7d3e811016285225ced450a33df034d5b23972939c9c9f71ad52a4d118dd4329f2d0364882e6823425914023f3d2db1a81d5186249d2d8d8b1998d4648efa01c98d5d973e5a88b1fdd6aa5a3bbdb6a69d82cc91cc5495071cc7e475c6f1eea27d363c5971bdd4bf434786e28e59ce13e1afd4985e1049d6361dfce63ddf5193fc745d6ad7e29d37caff009b17d33d3d166af338f574355fa12f4d1574734009324053262181c039e3c8e31e7a2f1586778334a1954a36ae35c71b277f8f057413c7ef71a9429d6cfcf9edf9123e9951fa12ddc7ff005a2ff20d7a58f071df2152428249000efa3286b25553b6f885446af83d986578efaab41ac73552a073b22a6d3712cacb9c9917041cfae82d798f8a6ff83f99a930eee2ad463cbc543c7fa6a6de61252afbbf93148d16591aa951800186f4cf6c7f31f96a36b82a31972a3f9331981836ca843b1b792245240e38f967f8ea5a254972b9f46729e4466795aad42eeedb811db38e3e1aabf52b43ad2a20f927859f6acd196270006e4eaad01eea695b8b352342c040cac0c03e96c72043827cf4b61a1b3a360f3a01a98c1d0ee3ab0ec77d593c14b536e6a99e2855a398032385c9cc7ea75c2f68f1ce7d3c14137bf6dfb1afc2a718e596a75b7ea3fbbf5bda6a2f16eada4aca7c532852b24f18ddcf38f78f96b0f59e212c9d561ea30e397c0b7b4c774dd22860c98724d7c5e4cebd41d6fd3f359ee30dbeaa112d682656927400718e3def86b4f5be238e78678fa7c52d591a6ed3f4fd8574dd2ce39232cd38d438a7f32c5e9aff00e0eddff8d17f906bd8c783cfbe47d531bbc0cb1bec63fb58cfe5a265c5a4ed83a3b6baf6962c7a0887c01e7e9a1d239e64fb3fa885adb182f095c6dc18876c9c7f1d4d25fbf5ebf530f68049d9f675f4c4238d4d045d45737f5375b70f1647262cb280088c641e3cfcfb68b481efb64bf5311db1a3fb8625f77692231cf3e7ebe5f8687484f3df37f519d45bdd41f7e2c677604400cf6fe1a1d212cebc9fd41c6dceac186c241e1962039d0e809e74d553af99bb464770411ea354c4219d5d3b9dc42b1fa696c6c5f6033c2caec0a91ebc694c624372bee9c03f868431ac918cf6d592c65ed0ba26a3ac05ac5254dbe034be2e456d29a853bc28c81918236f7f8eb5e37a4c73564523f61f71f10b9afe99dd8da00b4305009cf6ddc9f207cb4cd4c5e93a0f6117591aa44576e9d8e39f20a7e8b76c0200c03bbe03ebab4d928f45d9298d1db29294b07304291160319daa067f2d59410d5905a8416a105a8416a10c37dd3aa203ea7cf54c2456fd53d195f75bd5557525d52992640be1b788d9c281b78230a71ce0f99f33aa2e86747d1d7da657f0ef94b019265a82b1c52b2c0c3c5c24619fee7eb070dfba3e82c890c6bba02e0e91aff58a765a788c1096460db3f598dc436720c8390790801f500d85471aae8fad9568d16a6993c08a58885126dcbb021d7dece47c74b346b4f7a5c7afd79e41b3747578926537da8f782aa48777891855c633bb0738c1279209f3e743a9791141bee49a2595614597c32e060f8630a3e5bb2741430fffd9, NULL),
(7, 'Course', 60, 'Internal Drift', 'Playstation 5', 0xffd8ffe000104a46494600010101006000600000ffdb00840006040506050406060506070706080a100a0a09090a140e0f0c1017141818171416161a1d251f1a1b231c1616202c20232627292a29191f2d302d283025282928010707070a080a130a0a13281a161a2828282828282828282828282828282828282828282828282828282828282828282828282828282828282828282828282828ffc200110800d800ad03012200021101031101ffc40035000001050101010000000000000000000006000304050702080101000203010101000000000000000000000001020304060507ffda000c03010002100310000000f5389116081a2e87e4ff004c0574b109206d5b9fea803f3c164869cbe7d0492049204920492049201f041eaabb9a2e3df3abd2d1e8e5e7baf23e8c99e6a7896f72bcf4d0bd28bce1c0bd24bce3ca3d21f3ce4c37e945e73e45e8e5e73fa47d15f30a4b30a0f518bebe83576fe52455f56320b27a349cb4a809a48ff7156ff479e1def340e0afa106b127a0a089110b5b19ed04514260d8158a158a4fd0ebe7c527d7cb9d00e83255af6651f36b8b8453c06f600ec409956958d77c20b1e20a44be63207df82485a659995c788252b827b3d1b4d068cda8eef4df3b7a180f3f1fe5c8fe9eef451e60f9bfd0cb363ab4a1d9502ea7c1967f8922292fa128822de2f52ef3dbeee1e70c1db74b6759a5146795f57abbec4c41c8f9fb93399e915c7e41173d2621dce70b600d5ed5cf46662a6e3f7f8750edb307937927894fd8a8a12e088f3bd45b98eeb7557a2c6ef6a0a9e9d4352f35b14f51ba358448588ae3d3ba721279a9b97546ee2305ec5b4065ecba96356d6745bc67b739965f9cce9549456fa2475fdc89fb62f1492c1e60363626238f1f47ce4fd7cf91ac07a4655cc231435d70664b9983fafd4250f48c3ba89979e06a7a71cd1d46a15b5f6aada113dad93c00a64cb85b32d3b2bab2ab8a1af2d5a2355938dacb064d88459eb9736fce51061ad76a25668a1fd55d5849f39d8712701f72e6d6777c2ecaa53f4b651aa58b5f3bae719f40afc2d32765a6ea9b7b5b222a62083b263cebc7b67c9b9d5f482a7c7df7b7aa4231c968d132c8d5ab9db0200ce1e7d1e086dbab4a63d2f11c91364c5f5a8d2c0e07316f47b019e352aba0dab6243af8e952c5747b7ac8b63636347279f5516e95e6fd0bce70bd539a578713f974e743d08cf05b11d61d1cc2498015d33825427f48feace393ec673beae6dcc83d888602f3122c17d0c429e51ed4f2bda790c7698feaf9642799703cd773d95d3d453c25bf07e3becbb8724d725c6a29a25c9aef44e6c9843274013b141b5837673031c8742cbf2905244acf710f245b9aa4ad4f749134c2442c2624fd2994c9294bd1128534740938a8894ab6124d7fffc4002f100002010400050302060301010000000001020300041112051314212231324110152023243033513443523542ffda000801010001080215c56f3a1b4330b0e2b15d482235f70b4a8af2de67d239a68e04de68ef6de42427dc6cea1bb8267d62fdc92448a32f271dbf8aef874ab05a682fed6e2ad6e62ba8b996f6171757d099925b576b882e2f389c91cd7dc35639943c2ead6a1adade386382fa4fb8adbb7ee4cd6d246639a7b0e1d2c26309c3ecb0a2e2092de18f4559add4615e6b6718747b4439437101f5fd0d24b6a9ecea60aeaa0aeaa0aeaa0aeaa0aeaa0aeaa0aeaadebaab7aeaadebaab7aeaadeae546f5a8ae72ea58f307956d1e56b9c3bd0941622a270f9141fc76659432820ca9a061cc1902b7fea47d4b639807a9980da9e4518d398354223954fba27deb02b02af788949715f7435d64fa6d42f6529cc0d773a26cdf7434bc45dcf8f5d2edad75f2edad7577146fa65c51bd98385a17939191d6cd5d64e14b527127760a3af35d79afb8357dc5abee2f8247dd1ab897f3d28d8e007765340cab2bb5386fcde5ba9462ac0e0e442fb82d213f359efdb6f782482c283ec09a6609ed9277c145b6fe65a8f95c8f2529aad663ada3af61fa712ff0023f66c5a3557e65cc912b3490492444b182e591a77317d0120e4736b995bd6d45aa389a4cebc4bfc8fc10a66a289594ecdc339bfc3342d0b61fe914ad1e75772ed96fd98e11ae5f88d9334a0c5246f1b6b2520c9a85702a28fd16b85c7ac2643c57f53cc7899197ddfb71fbb34485f5be9192e7c7ad665225382de3047502f966a28c9d50713939167cb41c9b6b389a5bbb6c3af4edc3a392699564e176f5f670ca191f83dc06c2c961711fb9a1917d7f0dbf6cd4a5ffd5c42c99ee3f2a5b7962fe48877a8c78d46a0c6a2ad6d83c9869385bc9eb370a9e4c6d0d95ec0a022dade22b29786ef5216533ac6a1da5dcc78377b19b7335bf2b45bb8d59d9aa6897e35ac50150a803bba4ad8cdf48c973e31f11995756ea6d25cf344c15b0aa5c479aea61ce285c464f617499c52bcc65e5a5da49068aaf77708703835ccd2cb20952f170a88d751efe725eecadadd4e1cd48682976ecf1e9d8ad423c7b140cc4cbc4c0ea7b2c2efec68dd3df50dc4b09cc72cc65f7d59aed382785346b76af3cef692c85d9a3e1ff324f12c062b6e6a47b354a240199a40eaa0ae8740ef2c4a10931c71acab1c9e1293a4f3c72c31471c59ed4bca04e389dbc827cd608a13cc0629dd9fdd8ac50ec7bc53c48a4575718f43783e3ac3f11dc06d8cce2dd8e8b1723c44a51b96bca9748e162824b6e5a073341b642bdb789a736e50f2fcf5a59e5ffe275cc8a6af1e249143b0b379f5a3c3236fe13c3df72ab25a491fb8c7452b4358fc39acd66b359acd095c1edd44d571758971577bb4bba1b29e51b3982481bbf26411992922f11cd9671138151dcdbbfadb726590a493744af807947d8d1e31b9841a36dfd1b66a30b8ad5ab07e86270bb1fa498e69cb9fccf1ebf96c568dd8ef8018ae63b7592598a35ed9cf07e64b514dd8355dc5fed456ab7bac2e8e88ac33089236931522a46172f2c5df3cd8b5d82f2da9ecc9195e54be8d750b9235e549527f254a523924ccd03ec598820f7b1b836db32c571cdc960798304d9c4debf6fc77879370eba3496aee9897edebf1c89a33da1e69f29996d3b92d6625f62584911215ad4c4f878cca140a62f8eebb366b73f0cc39d837efa5fbe121b6b81197997c3cc64f6018c6c2a2b95f98a6ff0092449eba32ca408fcbd0923d4106b96beb5cac918589962da8bd5c2f5303a182568a5d5ba986486b99a1f15997bed3beb7068306bbcb848b41ce9f74f75baefdda58c04da2e67fd078aa19a20314cc527dc4b77ac40c780d0891e0e72e4ac32eebe3c3c24ca6a5b751e557926a472d2291d8196e917ab72831435d71400ae20f8b83515c10d5f750abf9b77746e24c98e465f64571739c02ce7f97f4ac7bad9c6dde2bc86689b9ccfe66315c2137b168658a5022a66027a8640942fed828cdcdf81ae0c735caf78356386e5156ec34c79816a6af6306e0d18853c58ad6b1f45765f68bb97e7a88dbdecc9afe4ab812c4d53b98edd842d293e9b9c8260955c60bdbfa346d6e926ad3dc5d69d92dcff71be476e60046fac2d57485ee08530cb46098d343222f972be498bb572b35c834508ac7d366d71f81656142593e113e5876ab56f8ab94caeca188f485f3c45c55ac62493ca78a3e48922e23ded71f4d7fba26b5dbd79628c628c42b915d3d0b7a5b715cb02b144546fa3034873daa78b47ed6dffa8f50c4d21f19cef6419788ff008d5e95b533563143d6be68fd07ad1fa6a688c7ad1a3e95652ec9839feacc16e2ee16059e26c89ccd22eb5c5d5a3b4cb34993464c7a467bd16ef41828ee640052b7c51359f234cde54a7b8a8b1a8cf12c0b78cd05d969632d9c72d86331a49149bac722b2023a816bc45e47fbcc03d178c420f6bfe211dcdbf2e2fa038a0d8f5dfe4e7be691b0db507c28adfc09adb39a0f4bc5fc42b5edff0052a05473e3d7aa7c1c199e9e46618a8a768c607fffc4003b10000103020207040902050500000000000100021103211231041022415161713281919213203042526272b1f0a1d1142382c1e1054073e2f1ffda0008010100093f024cc70408984c7d2ac5b8835dbc72d5a453f155a9b9dc014f6b1bc5c556618139ad229f8aaad73b80f6ae0d68cc942a39a08fe66186e69ce2da545b88329931b29e1ece29d469b3110d6961765deb48a786819185b86fd653daf3e9b14033b9180444aff50d170b04096ffd954a3598585d8a9db0f5bfb5752734e61c42a819222455cbc5693e99ad00063aa6c8ee5568803810154a407270552911c0909d41a7910ab52f305fc37e89f40742156a5e60ab52f3055a97982ad4bcc156a5e70abd2f3855e979c2af4bce157a5e70abd2f3855e979c2af4bce101e080f054c4426d3b4da6eb041df64da7613739a637bd359309ac02613073e5c906bb90e8831df45d31bdac374c0604a68df1ccf04cca7bd60777ac1b5c6cb0b7fbaf47d26e820a9036f89516f9968870c4cdd68a0b73995a1c3389545be2b47693d568c262735a389cfb4b45fd568c2f6175a28c47212b4611d568c338ed2d1840df895267990d1fce50a1e729b43cc5368f98aa74cc70715499e2570599541d2460c670caa5eee16b67213fe150787d5ed173e77ab11ab4887e426fcfeeb490fb7cbfdd69a56911b9a042d339039755a53812dc9dc56946226001f6551c587710173fb2ed426b0d9369a6d2466c7570f63e8c1dc5dff8561c4e1845bc4a7d063a6e5cccc46eb754219bb5d8aa74bca994fca9acf04d678200741ab87aa240fba0ec51302fea45f92cfd954c29cd7cfbbbd34b4f03ea6ecfaaf7fec993352d1c1348ea3da094cc5f523b9343c73561ab26dff65da798562fd81d1526d4754337dcd4766a7616d53a7624b64ca7e1fa98e6aa800394b85d5ce7926263bc3d71d48de53daeb7454dcdeed662493f9f9bd690fa67dd2b4b73bea12b486ba040909f45cd064076e54e93dae3276e2ea8d56fd35e568a70b5b176872a4e14db120372e308b839d9033027fc2746504b6f9dd60c13683280eef55d16b0462cb69aa8e17716d93a42a6e730f0ba7b8750aa3a7e92aabe7a1555f8898ed155aa623f3aaf53c53f130366e838dc9b3b0fe594c435b7ce332b13791223eca30eed91acdf577a738b91dc862e898e1d46a790809e3ab26ed14e80dbf7aab538582f4c50f46c76666e53bde810d1fba796ed91382d037a75437f83f392358f10d6fe6e45f4f28150f8af48767138b4d87e05fcb0d6cedba717e8a9369e1198999de9c1a981e38b931d11c35557c75507bb5890a996cfcc9aef154d31a1440160bd1dc1be2300c7e782a81d3632e3b5cff6552f1b4455cca01ae88bbe49f029a5cede5d26fe2a90758e2ceffaaa6d9f786137e97b2610e1b239fcdf74da607154e7a3513b2981d39db72a6e637e2c956b78a707108108fb672aaff14cfd5017dc5616f7e4b2dc772e9619a32eeb29b21083f33552a4ce6eb2753eac795507784d2d272e7d114750410d42dada566da737e329a0db7145d7e29d6fd16cc672a0b49ed34ea3b433fdd64731fdf500fa67dd729a8ddedf7dbfba1b33129f62539ce038058a38a78584a608ea9898ef0d4365b4f093d5436771d507aa027aa98e05300ee4f00fcc9ccd83104a008e2d858bb9c8c70dca8b2a713bd502c777854ea307ce57a3ab4cd8b662512c3cc27872b77a9ea2ea4ff4ea3b32d944ff0012e26c6d7e0843c1c25024ab1564ed555f0ee29d74df02ac8e13c956ee2111cc26840e26f675361d1971408e69b3abb2fb150d2cdfbc391b9995580eaabb5cfe1c55361ee84c7b7a194ec5f51211c4d8b09959940b8138712dd62ddc53b3dc7714e1886764e6f4e284998899213b035073a9ee2162f04e2aa13d67542a6c73b71de840555cd5518eeab45c5cd8b1d33cc2d2193d50691f13772de84d37027a2cd64554a6dea13e9b8f44d3b596e5558299e1a84aa51d17dfd77108870f982a23fa4c2ab51bf2b964d85d970379ec8596b7b2d9313c4347642009390dcd0b3cd668284093c9527f95527f9553737991ec098e1ea1d573ea12be046c14c2f887fb1ea103057c054590c2382f887b469f0f57b4dd57380aa6552c2108db03578ebccacd66b8fa97953260df5428444046c985edc3860185a23c1ff95688fb888f48b4734b6b14e39d79fad9eae0a95baa6c77a1656e89c538eaffc4002810010002020103030403010100000000000100112131415161718191a110b1c1f020d1f130e1ffda0008010100013f21d220e649e4612a557e62ed1dbe8934cf756cb0b6ccc0bac02e243d1d681b60c08e3c93875d7671ff00507ff6ba08f5cf6d5c302ed85a9ddcd14cb55cdc2ec0d53af48b3fbc0a559692d6007b6c652f6827b246a06d2c00eba048cd172cf5162db4f4f90a60896367fd0951e94c33200b141ba048118a4e60a8ad1812d1505078276fbc08a5bf922777385832207632bea88482bba770128a3fe934d34c20801041059e0e20bff1a50226c38dd5d38c468476a35be2bb46b85d9b508d2c13411c9d63b7cc129529c1c45688dab7f89405b56bd25ef1da652aaa7537d1bc425882d42cc9fc4338ca6173bedda29d6f1dd7894c10de1efd0ed1bdd12bc4d7ab510c08288611be3cd7887aa4b4b4c46a439e5d31e913aecb256498f6f9828c0b2eb63e49d87b4ec3da1bd3394ff713dde8a575d4a78028bc0731cf5d581f69fe9e292857be880d07ab731d608b1e58e8eb122fefdfee221615e0dd89b1e736c1b74e6ffbc41f4b8629cf48b8575f07bcba9dea827ed1f89fba7e23d63f7e93f68fc4c63f2743bfd3ad7e314ebd05b52885b64604ab1015aef0d672143186bbf0f78db8650541b35ae9cc0a2d52440d8364472c844b1d57014f06400bf9182a6d51417685bc55e3d7ac098158052eb76146eacef2803a08503876d15d6001c00a34715af3e650edb7037aa62d8a205a0f8353e17dc8caa5bc2b86091760dfe61467c2b383b52b40b163c7d3ed7e829a53e85f171de77fc2e92539078b08ca20563146bae5c18eacc3866cf002963704f11c02be38fa92541b1388d955179fe1678b1c7a625906bbcfb1fe17a289882baad7e5f4836a5e00955bc269fafa9a5da62d70c15ff2d193a0f98cfc01c21987f057d786f6517f7f9f7ed83de07833c75f9635a1750754cbeb89f26e1ff438684a4dd31b21e38976530964c0ee9a83d06734baf2c70eaf0f7fb31173b8f3b7eec30f883cbe20c071f6ec7c7bc2bab52870dc063046b7200333963f6fc91b3c1c660d62ea5026aa1959d7173fb06bef345e1c6f1fc7e053d8fdc4b6081fa0ed2f18fe1ca1e213a5c1f584e508c25aede5ee603da1e84964d5f5cca66b4a343e627ca6928f49484d6adfa98c42aec2b2eeb20188e34bd9878063eb8af98a7a709573c1eb1dd7a8d56aaeb8ab4735d312b725f71d76810dcc3c38993c6850e484652312997077eaf88aaaa74188dafc10cb519a8dc5b18e740f61e5e208593f78e4ad413f07e5519d0405416954420800d6c63c07228dc4f789c273be35c37fec45d67ad4b706b3812e07d69726579cd116e5b62a3b0437e91813adbe615a815e2a50cee66013b096c62b3b8c2434e387827259158a9619f0d952ab6baa7cc087d00507537c41468c26d99fb1af9a80d48dde7f4cb1050a3d57b4b769bcd435fbfda69303962f9dd3b7bca6856469b9bf897558154c62dbaf3f2835d90a6bb7278c2fd628530073cda8e898ef0604c760e5e4ecf780db70864ba142019aead25e5db9b8355aebf783a29ad885603317ecb1ed160b1b1b452ef75a9f697978687ac1750a588b4b5d7a4769470cf559fd251872e4197d135e6040189434ae5c5b16a128c172ab56ab56f32fa791106ce45e0a980ccb2ab5bcbed51a02964b29f0baf4840c10b00c718d33f683168559c3f917bed29d1b95e396709c3b92c0723a5daf4dc08de172e296f86d5e92db76f6b49cba7ba3e655a8aeb5f64115ab41d4ce19d789d8fc45e1b89f0fb4592996cb65bfc80235062826a6ee46f10ec83825dea28583ed514970517f84a402d00b1cb42a574201ea160f7818b66747e262ba7868fa9fd4c1906032ed8e65e3876a8933fb59f33006b76303aae674a4bb4c0eabe804b94ef3da53d198d9f3fad0c8c1cc2cef60a3a07da73ceaf144dae60c6c29c5c0d345fd04c535ac82fa76fa3acc90cb3da0128ad1154f476fb4a9c31f9fb6af2747b91154f2bfa1f199aac99cb1dd8cd5541325fa4b5cb1663ba01ab26e5bb35f51fb372c6f7ad9557815e5ff00d066aa21b803a266ab106a8204bcabfc423cb91bea223160e044d0b2523469e2eb898dd7629f99ef9853ed2abaa859215e038463e21cc2d917e0622727e9848db5fe56d2136ebc82be638a25743ff8c6722e43fd95003b41f5e7a3281ef10f2049775d186145f0ebf68495d4dd0099709181b4900a944f12dfea1ab641747d9865b5b98439ff004f985fb2011e0b02a9c441cfde735c766137fd660b15e575c428c47710d52c73fd91cb47cb1f313acaf3ff009964835d10f963a214d777c6a1d554c0cb3d4fe3b313598693a4ab2b88df1ffa88cb071519795a635ae931751cbc62aff3002ef2fde8f309656e2d6635819c36e24f838f585fe1edf89ccfd63a452ea7844f5899ccb803a5cbf7d0b8672b6e69e599af6b1c303bea8cf132fd0c21ff00d4530a8a74a7bc461ff51821c70cd6abd3fb88bb3eea2b56077ce2c227aa3fd4298c3e387b130ded005dfccd29b4c55aeaa2614fe8dd7c44115dc7fb35e77830c47d1b9f689942c963ff0025bcda3f562588c2f9f3510908e8caf3e90bdecdbed0bba1b439aff61dadbd5011063168f079c98cb09a6821db3ccb80abd8f0f31530c97d13b843754c5c329609c88a8a254f822614ae9ab27dd668b7c861d09e90d05adafb301313bac3bf698e756b97b17500fb7d65899a60bf3b896282dc3eb18000cdd85a72c41b4b7cbac30f4257041e66e2294585a170a6df54bec7eb97a0b56c80fc336274a21f4cb7494c5adf358fe1a749de29e2f5ab8eb729bb990a88df4e48f497594fcc1b08ecc01776fc45c5456e6ae635ad54c6d85a28f99599946084f8990a7821a670c23b8ef28c5fd006e02288509a9e9284e21606c4b26637228ba96ece8f688eab66d85564ebadd475fb39850b667975c1d665a32f48039dccf7d4170bcbbec45c188e2e600e6615312f3f2a2684f254b22c5ccf26ab13f7649d4a124a501e92d796523cc3fd468e65ad1f714e22e0e250a56f31beefed03ba7236466471552df73195cc16ec10a9d025912dd751b31bfc11e10b1f77e25c2ad7129ea98cad4501658c448a0db9e25e896a0fca4b9aef075e799ee2ba44db22eefa4b80a89705f6ef2eb135571e173058a5d8cb516798cab285f96372133eb31e46355fc4713b43b74a536ea369f72e5fbb8a52ca5e219067588e3e3ef12a53a5ec89721de7ffc4002810010100020103030403010101000000000111002131415161718191a1b1c1f010d1e13020f1ffda0008010100013f10ced91ad812771dfb60fa1a1110947aa319d34ff09014624e18791888e50e598941044b382bd5ed81e1e4dea8f061b32a0113375d5bb6397ea7fd6209812795c5318d512d5725d121ce6a4da8268e24dd5ed31189254839420894d3814e4016d895674307c60b48f6537c25719e28b55dc16077736cd9a0b02ef5a1c261f10b1c5405f6c02553a9b087c21a3709890a2344ff00a0b780a03934bdf77348fc15815201a030afa4b430861595b79c67a558e680935dfae6dd6ac9576b0722d32af469a598c9088a14ed4706a122013b3bc971f267834289f54778382040003eb9fa57e73f4afce7e95f9cfda3f39fba7e73f74fce7ed9f9cfd33f39fb67e73f7cfce3fb87df186bbd60f4f4c483999fa1904bd4c5cfbc703d5d76ba2cf2c97c52ed2f0dc120908a014178dee7a66a9cd92449ab4b3d185c49e8543d12167570941878b6cda44bdafa60c6e9e86014882c5e94c6974716aa1760a4e94ef896ab8be037c30cc06ed039381e8f7c4c99c164c2282d63bce88d68a550f267387b35840a9cb5cb63c2f6c3a4d0ec3a0748c0855bd718402804f4a68e6e4a983b874d0b4afe32396416ee14b429a47c32bf5dc00e902275ed9ffc167ff2587505aa1d3d33f6bfc66c1e79d237d09bb8f1e5115453285a5e34f6714ab4791385e8f7c5d15d385d5f4c2015b8881578e032c6a09eef84b00e9bebae707d129602e12e81a6ef531623cd76554b39eadf8c95f14579f426974fa4cdb397e8874f798e45c514da56ec2a2bad62fabdd02ca50ce3d8eb850966cccb4a8ebb5c378bc4e41557a003829d1e71b3db98baa83cd86b6ef73328442284771ad79e9fc31fa9ed833248005f5758d11b540bd8421638b7030894e1c8b444bcabae3efd8bb0813659a987adc5175974719c86496234c79f483311452312cdd47259a85202db2414e4ec926074880506a1ad25384d1d262d0242d26ba0ea50b76662799939855a025b69c81c1aac4bc92c083689e5eb8e3e606c2a053a34539e1bac045511a68100834712e6f2c70a6e2a8f4957ec6a185828a3aeabe5d7e79cdc01d3409a48ced7ff00aef3424a72df92bf7d7c60577a1d951dfcff001c1faebf8a9b0eca62adaadeee55dab9d2e556deae7ff115c54091682234ac1d1d31486690222481e94a68298bd5b8e02b2021200abdb02bbf43e014e828b3a59fc89d32514708e3b105502bdf487c621e97a7fac6fa5e9feb096dbc3fef1d9a44906101a4d50739fbbe3ff0c2a6dc2a6a51e22ce809e3cb0e83a632042a69e53817c6688697686ca3ecfa3a7f9452e0d2e1c73faf5c40e98246a75875f3ff0020952743940fa345f1879df062ce23a7391312d7d7f851d6b3857ab8cc9bf7c047b0f50c46715bbd2a7c9f90c2b95d87450e761f96e389fb41b3047847014d624ff8a4d07d78bb97bf1678c5cdc2be42a69aaab3ce69295975c76cd43eba87916a7b6075c70967be50104c38122dc5e7bb17c60f183eff0027db306d6600d48dfdb4f54c6d068a1482bbca0eae166b52c5844e28a7b279c707a0226852afc77c26e8f70306a6e697608b25eb9540487b121612cdf9c6b61fa7665d9a75a4f9302a057649ff00839c2060bd0954eb782fba2e44c359813905e410f9ef8eafd06e238de97df290cea6aec34e506034738d1920e55f8897021c1b20d015a78d5d8e559d9d1079078dc49503463c063726c056ed696deb3794100161d2c22f5c3a910afbbc9af391616924343bdd39306b9688a16ab40aaeb0b364c9056d51c0f4ceaff660018aad0900026cda72f543eca34a849c9845efd054b92cc38bdb2e0d97a643dc3efa1c82fba62e93377558c3bedc63e8c8eb8ed83ed687c6f9d34c258eaa87721a7e33b73b33dd8c159d3a06f6153c44e44344366c459ea47f1853a6959f48e6d6f7261edce46e448281dfa2efd1c08d0c9e356302afd1c4ab4e77e4f1dc3b26c3b1a78c4bc13ada6a5a6c79c7ee50215c937a038d704de2254f2cea00b0d75e9d71105802e341802d0b1e2e36263f68e062ec02e83d5e98cd089b21efc3829e8a2f8137f313e4c5a95183ab8176aa572d4c85828d428e821d261750bb44338c3764a012afa5c7d1339fca184784c6753503a2e998389302403efef9ca9af4c30362dbbd0f743df03bf215be89077b3ed8c5430202f17cd704dbb9bf92623448793845166b5caefa6282629208d1d21492e86f2b48a1922a34d50e4b01c504b2d3a745880ceef666e37261a8d4620a9b404cb091bca4ed34f14ecf4c449d4662a0aa7753787e8476261695a13d5b8b7764498aaec507253a062028262813a2d78ebe93d305b4e114c3680907b78302620d938ef8070fc3438ef1cca1f67139349b0fa0ca74cf0e128834761ebd32f8bdc314cdaea8ebb1836fbca3fac772bcbbf2e29cd7795fb6469822d761a420aa474c5160fb56041a8357d8e1b1382a6ce9a34442ae430646972f6002e81c6ead72b9c168d28488dbb0032c4a2f555742a86a31df138b4b7924aa18b57475b99c981b840524948d4c0475a31084ca9d97a13a1a4d3945b590780e53f38dfb480d806b4f49d72c0540f0ac6f9fd71ae9a701a3a176c3d0707db957ecd42a6e9f18971daa0f9c08edcda1b289d6609dc5518f5c60b5ace715e8f44c63256ba9dc988726781cf13f1879b3c81f6c23803d0cbef97958ad51ef93581406a7b62ea851542bcb0c9322891d3c87df1f11eb8a7035d7b77726e240f7dc204bdeb7112aed76bd6c07fdc58c85a5b691770dac81d71f1c76d4d74387c18cfe8817e751becfae01bc691ce86e9ee0f2612c68aa11ca380df5e8f6c5a042111e8a9ed8c0eba383e201bf395f3a0cf6407a6cea1953ea13361465ea59cc57a6729ed188b1bfab13e4bd4cd5f00ac687c60f9bfc2421034753d72d9b35304c4059bcb6f39b04812436447e79c441a00243ccd21bcbda9937fc0e3db04f4845017a8747b9d2a74c6515892a191ce8684e9879358de6c643edf9d47c83d5c52762cc5363debb0e4ce1325c14ece39655b9aee1bed41c7acaa44bac0d1778ee305bd2c780d2a407d6f8c68bbedd0b7976fb670821040dc8acc640a31cadcd1cc1c42d5a79e1e9f618fcebc201fa7d320e0adee43b265b1a888daff58ac1beacb712068bc7df18f68d8731361b17c1df145eb40b770b1f1d30ea7e862dbd9f388eae6e3280a08028e28eaf5c6b65dd5f28cda22feac62452741074882994d29905d5269446f51c1669eaf1d783f2e324a8d21cf9fc8cd3129b633a8e8baef8d5ed17c85eaf5c13112aaf48d394930abd3c04f965dd5f39b4e040ec1627b65e3eb68f8f5f5caae00d80e1dd49ee6a334f9438d5f2b16ea57dc0435ef0c6a003544fd9c97168f49955da0da59fb8cd4287a2141d088757af38d37c34014d4ec98d170b72ceba379b36005a2ba47070df707ce2800f503359d4222d1e89309d7e4a61115da4499c117c6b7e1327eca250f88dfbe51b9d1313d1afae02902ecd9ebcbdee3483318c4e81af71c5a7c9c679726a34e4718043db39f218220c0fa80a781c4ea194bd7432bd72d4002448940e3cbae6f0b6be50b8aa606cd7e71476407d3ef80f7072ad2f5814f6608ac501100d2ef91adea5d645c554552abe39c0f93c7879e1cd5a453c8744d14e985cc9ea89f30fa6152c7721f5afae5c77d69d4d6c75bb5c37f046cd1d0b7586ab1e088ec0fa2fb79c788968c050ac014d075b783030aae0ea4ee745d6cc4498a15c06e12c66ce49818b46cfb3e8bac8e22b35a6b6a89b8f96e6d5bfd53ba1271d7342619451d6183e529d8c641480d8eff39498f256fa81f9320f9e5f01a1a28e5758c63803359c3d31b805e48cc090b604d0e2e9f9c828c43ee603e0807dc3e98e00758cf5e07c612a472a1f585c1e938f7d5f6c518402a11a69ac04605e15794aa9ef8ead18aa164ff786eab215517d570f18d7093de0bf5c3dad549b27dbe8c4a88a8e35f2f3f39a10317b4ec471dc2248192b399bec61c4a13748d29eb8f6d75c743b808f00f5b9b185a52898a101cfe61962a2e47fb632d3a39f4c67d5636eb6f01bb8061f19cee3ddbc74553ba678de10e430779fa138c2506975672089ec98b81201ced70b0d099b2f51484e111e96d32d1399c07c19485142e206534b7861ed73450ad708359bedce11543828aaab7ec1d39c75cf8c414754460ea6da21945159f575c42446f61a7539c34b62339f17be251c799f93202e1b140e619a67a2fe8c7b44f2edfb6187960257a14e758dea2f182290efd8fedc1d4ffb876d0f4c26bc679d8874700365a271edfc1831b9aaecc567a60150dc0a7d739fa14eabe57355ab2cca037ae7a7530fc0d11d3b3f3929da486248b4a1d33c7bb6a6d02e19e6d956952ef8d9825284edac95044ef8003c0e0c39b5aca82d1ccc840159e1f3fbf9c14279758eb52ebd334c22f2f1c1fde5803bef86d8eb1977df378faf186026f9c303b6701cafa3fa63a68ae1ebdcf7de0317a32ed9510b83f907f78c3c803925aac94a97fcc968775753b3bef2cfa7b7c66fbc3bb91b0f63cf965b98b018a95579e32aa10167af19a20e78fd2e330de8a60949c17211e45f8c441e5728679c15f0fe93278fbc095f38972f3870b8e1ca62a54fd9fb395ee35e7dc1f7f7c1bb25373ef9ddea5acab3ba1807ce3851b483a7e30230dda6f051e7131c3817afaf7fdf388d464fc478c60eb6437aff0058542acd079ed8a34da0eb7f75e315725bd77c1db2c21e8bb9ec7e73965800763fd98609b22fae1ba486dfded81e5a3cf9ce6bc25a3434e754af7c0b0a01595225e28b3230aac7273fd71f6c71c6e3906ebd75f4c7f5e652c228bae209f1940322c5df927b618630c74f1ed95863d284d90c93104a002e6c699e31742121d9c9bbd78994504154060447f1c5145c2942bc87f782d36b8d71e700d83545ebfbce280ea079c0ec2bcbae242a8ef57418a75a43dd3fee4de9b43bf43ed8a80cbf77f9935560f7ddb8cf580296fb76f19bdb051342c37d31309a028d77f1cfce6c3dd3418585e7ab724e2ed065fdd63dbfba73b0e3202b40599fffc40026110002020104010402030000000000000001020011030412132131051022412032304251ffda0008010201010800fe30893896712c38944e259c4b3896712ce259c6936245c695d8511514c38d44dab3689b44e300592ab2960c6913c7b1e859570de08b1536402bda84a9e22dd0826a1ffa8c26be50665ab8322c0ca7c7e0b74294df96424f5c6e3c382a7e45485dc6bea2a91078efd93f59dcaf6c988646b871579b23b1b8f405bf883b3dcc486fbfba504c2c44e4ee8820ca3f85406cc0a0760ee1e37ede9b7afd72a9f25abb01ff00d56dde373880dc095dcc46c985a8c347a2128d4e3efb7c65616a34475f285435126a28f8881141b0403288f146e6504d001408f8c13dedfa5762bdc2f35beaf934ba84d363c3eb791f549a67952a57b54a8ebb96a6271fab7ade1dfad42da70d93d4b0b8b97f86a35070d569f29cc9b8cca946c1c08f44ae9d01b152a5403d9f12e4fd9718414b52a7ffc4002511000201030207000300000000000000000001110230a11061122021314151b10391d1ffda0008010201093f00b7382704e09c1382704e09c1382704e0421085f45f45f44210afaefabe765581aebb11929158639d19227ad47510adbd1e8f5f5aab2acca28553693eae3dff000fc6971794e7c3db6b54b74f0a984f7d8a5c284dc34bb3fd7329914722b5ffc4002711000202020200060300030000000000000102030405110012061314152131102232162030ffda0008010301010800ff009c9e2128c57872b607da65e77fa7cad84059bdda73f432d608df066262428195b07e00cbce406e366274d96ff236e1c4d363b23155383154f8715539ed54f9ed54f9ed54f9ed34f9ed5539ed54f9ed34f83f14f00f62b999ad63e5ac4f63cd7fac3134add542a301d7158e6b763a0b92240a225ab19b11c961e4c5c21048ad8e7036a694e3e99193e1bf15a02137cea081d3c399186b2959ec5baec1e308ec857a598278a5547b156c5483d44851b614c35a68d86f2d513b8d7a608c034516c6915360b15427fadc9ad728468d6104d90968d8b1ea3962f538d3bbd8ce5c762f19cd5eeab1a96becba7864d382ed621d132e3b1932dd0d65ba3581053aaf699c462e5d689ca71aef493cb9aa558adebcb930d693f9929da8ff00a2241f6892b6d95a4661a649566c84c4d6861a1234f52edcba83ac362d1c7fe96a3cc50b35143c3e24ab06e3927c944a1a6a95b34ca9bb54af59b8dd6aadacdc3292891cd7a7632cd847ad3cd663c0caf2b5866365a120f26be9762f2af41888e2959447e1c21bb5acb787e7c79ee8317398cac95609b1f32cef1aad80ab66d3c4d2145f4f6648f466a31d798c91495e273fb896451a590ca5c3732e2491e38e385e8d6672994c4acad1c919a51fa8e9473990bb8f2b6506564ea09b79d6aacb0c55f26f66c2c4c31f191a0f8aae07cfb2973b4930b327f3ed367ec57c75d56dc70e29bccf327cc6305fa5256e783b2f1f438bb96f4d203ca2dab71b17ca46bf022b41c191967441fb24aaca5899422ecd8bbe40ec3d7af42cd35c8db439e28a1d2636a16d711147cf039f93c13baeb4d61d8fcc161d57e2cdd91c8526e49f1c6b4e4eb86cb95d1361d1fbafffc40033110001030105060503040301000000000001000211210331415161127191a1b1d12281c1e1f00410323072a2f120426282ffda0008010301093f00fd3b3bb5f6563fcbd958f3f2c959081ff5ecac865f97b2b1e79792b213fbb7770ac7f92b2bf5cbc9595dafb2b3e7ecacc73eeacc73eeacc73eeacc73eeacc73eeacc73eeacc73eeacc73eeacc73eeacc73eeacc73eff00776ce5499e61540cbd72fd0741d7b891c402aa02a35839c7a09e28126d4ecb40898124df4a401fdab5a113506958ac63348ce53811e63a84d9dd07a1423ef59d251e34e62471086cdc264199ca0f1a085f501b535a3b1c441ae0410beb194bbc031ca004f6175a57f022eacd1c23ba6b1cd6d69b60d605355f4e74ac9be66a0de77481ad5844ccc99cb4f95b9083a0ec3ec0919031dbe6a5364687fb5eabe7af3461b3556e5a6229141c0ab57da6cc102f9385200e33192b47004cc4126300200ba0f2c2fb6924e05d3941c86e1a956a66b9e915be2fde6102e8cc9eb7a6c8baa76471bf70de4d4d25ad00c41bf4a107127c97d49914830e9de1d067714d0fce9075a87117e872dd613193a7d1583da6fbda686e344f2d2707022771b8f91554c28140d3923213276019a9323c2205d132451598d97ffe846113b51f325b2c6bf1683209a55a07948d0e6857411c8ab60d730d241900ff00ad2f137658647c4d3e637de3d0856e6a2e369041d24c13bc0d66f56ef69ad48601e4e0099dd2bea3687ee693c1e05dc116bda4c7e11e44020ce703748501da0205d84f4a1c6134b9968d9dc4fe43a919a92c0040c041f0c0ca0c18b8427569101dd76639ab20e19c27cd9998062995f91f853c31a5d029271ad08a535a572976d36e918684548a572c544c520c71a414e0c2231a9ad440be467098ecc18371831307db44cda9c767ce24cddc320155a45d98565b0622f269954d2745662777b279032a1ea0f54e91882d1d5a7a88cd62e15dc063d0689a4b9e412499148c3a6f5684b1d796b448ce601e2404d3b40997381ba6912056924814cd00e6da340734cc070c441044e850b4b306a366d1c46b1b53d689a0d0564a68f163282bd1808a6af0f9a3b457e57b778bb8d479a68a496c815cc19c471a1182ba02b81eeae1f674625159a132a9f3fb46f428e35d0e3c6fdf3fe18228e7d42c07a2f972f97fd8c15fffd9, NULL);
INSERT INTO `product` (`id`, `type`, `price`, `game`, `console`, `image`, `seller_id`) VALUES
(8, 'RPG', 50, 'Pathfinder', 'Xbox One', 0xffd8ffe000104a46494600010101006000600000ffdb00840006040506050406060506070706080a100a0a09090a140e0f0c1017141818171416161a1d251f1a1b231c1616202c20232627292a29191f2d302d283025282928010707070a080a130a0a13281a161a2828282828282828282828282828282828282828282828282828282828282828282828282828282828282828282828282828ffc200110800d800af03012100021101031101ffc40035000001050101010000000000000000000003020405060701000801000203010101000000000000000000000203000104050607ffda000c03010002100310000000a74df9bf2756bd5cfaad5e8fd677d27bd27cbff2eedb118a3e70db180a392b4d98803e8bd77c8f0b10faa0d9075fe9f5e66324b13037fc5c5e8f57c54a9da741f0d74ea31a7c59b1a48f8af9f693a2753b5e3eb7f9a8ce610debc23bd5dd9650e35b6ab7e3653fabbdfd5b35646fb9de1d8ba5d1bba6f8c8271194d44973cee9c95c23a1d61ee9b0282eaafd581c473a2d2b8a7b0edb5fd05073bcd6cc4f47ba0d46c5b8da108da36b95e5972a41e6f2144aa976c5ba457ba5743cdb981e76b9095387faee5a2dc6381baa9931602bfd07e880b909fa63a5698f22aaea4e79b3a12b4d87604b8b7bccc34e7a8af8497b184692e364ad9759fa4f413018d53da6004399148d2b979cdedec9eb0ce49c901b4cf6a266638961d7344daa84263d65a9e8c0e4554f0db06dd54d4c967fb73d297c8b1813127c8cb4ca68d06b1688d552d197e7846c91720d69bb13a7720ea0653dc01d64a883e52b6db1fb1cde55b1e3643b3fcecb0c52ab3a97b16ea7b5d3897e827334726c284d224d2764b44e99ae1975dcb3c41d7e23773f37306423ade138e3a2d949272f3d86e68079916e4ca7c8dd877379b56ab04101d72b9a31d70b5856bd8bf6a1b0812facb3cad73e86bc4120c16f44fd8dee6d3d85d6c643535dce6ceed0a64e5bcebc6d77ade58db4e64417293e8bb323b30bb4eaba9137c06e471edc0d4116d3d334a33dd3b68baac7339f129370c6a8efcaef5e5f4ecb7f53701aebf9a463504bbce926b598771fc64349324d3202eabdb6dc7f5c17bf74415db3d555b37aab3c85de682725d91c4c1491e6b2a26f6127c95149afe4ece25109d868792d655eb00a2814f989d81b6132a1f6159c45d19adebfbc5152371a86a45d9eae2ddc0acf26da4d1263e0884a65b78e84af4e6597a4d38e019cdd0d3571a887549ea5d05b33391322c80c43c03b0d8eed4cae42bf848248a632e58b01dd008225240414af1164be039edf29d6975570f1278a7412a225a5d7ea65a550859fc921ea6ea6a4b0b9c414636966ead0ac4a7203134c33731a163ebb1e501c6614f887a8bafa336cf9ef7257e51e8e7c95efa859a526e9090ab10eb3c6c39c2c35e43396668f5dd24643f427d11e0bb33df1b76b0e425ecdad11a55c252a303ba163b57cc1335e39d0467fb1636b4c94abe8edabc1f6a4be55e8e7c893e8f317b4f0fad4af145699636cc3a26eaff42739d4d4c164e55a5db963dce44e9e9a770b4ce265a7a61e92b03475d4f8a0415f0e133abaffc4004410000103020305040509050705000000000100020304111221311013224151051423613242527191061533628192a1c1e1162034637330435354a2b1d1247293f0f1ffda0008010100013f0282192793044dc4e4293796640e749373660b59116363aaec8a2ef73dddf44cf4bcfc90cbf7be54f6962777180ff50fe49fc2eb2ba6bb0acce650d159387128c5e46fbd499bdcb0ab2ec898c72c8d67d2c8dc0c27add3e81b491b67a7277b1e6e24fa639dd3da6b7b45e201f48fb85494eca681b1c7a0fc55640f9678dcc02cdd73f4b3d1474f58c8f0b5d668e41deffd14715516ccd964f49b669be853696717dd5a007d56bbc8e7f1b2a56d4899e6775db6c976bd6775a7218e0267fa3cede68d1ddc499ee4f3c250a0de38377b771fa851eca70bf1e439e02be6b7fb4ee9f4651a0361c66dff00615dc8e7e2682e780aee2ef6f5fa850ecf71e6effc6537b3dc0b4dcf5f40a14adc4714dfe84da603fbd1f751a66ff8a3eeaef51fd6f827f6897b70be595cde84aec8ed5ecfa38c97ef0cced78345fb4943fcdfb8bf69287f9bf717ed1517f37ee23f28a840bf8bf717ed2d07f37ee2fda5a0fe6fdc557da0caa9dd2bdfae830e8177887dbff4a86b218e56bc3af84dfd12be718cb4db2d73b1e6be71663c57fef379a143b49a2d67588e763f67fbaeff0016f2471b718b1184a8bb518c3c36f57d53c977b6db5b7060d0f542b9b97a3933068745bc8fdafc117c63d7fc16267b7f86cb70dd73416ab1226e1156cafb434a64439add3518828e98bc1c2bb99e9f8a707309056240a71bac66db1845887291965a219a3b228f11b9d1060b594b05b3621e698de601585c07a2548d89ad711afabae8b04597a5f028321e1bdf3b75f2fd50634b9fe9db95afff00bd116c18b26bf5f3d3aa6c70e2cef6cbaf9a95adb3777f6eab03bd977c3684c7f2766116e3d344d658669daa6e66c982c1028a923c4785453be20f6fb4309baefaec184b061b593ab1c5d880b1b5932bdcd16c395acbbf1c6d706e6d16085517680696b7d965bf739bead8af1cb31e01841c57239a12bda38708cee848f0eb8c3cff0014596d8104ccb326c13a4bfb97bd44330ae426e7a2b9769a20d53c77196a81d99156d94f506122c2e9b55e29925325ca6383b42b44e37dad166e27689c6e76c6eb5afa26d8e8984b1e47b4ac9f2b1bcf359385e4f82980c5c3a21b01bab5c7b9353257698bec2a2699df818cf13a201d987f2c931b1dfc404b7c8db604f38bdc86c02e535a49b5d3e9e4870b9ae6bae2fc2a2762b7552b5efe16e4853d8f13ac3f15531c41d86291f22921c30699ec02ead62a3d5442e42dc35e3cd3f131c2ff006151662e56674cf6f2286bb233c416e71e61470e1d494d1e2dd61cd3e9849c94748185548e1b2736c50171e6bde9bc3729991513f4cd4f0bdf0bcb5b76379f45455314710f0419bda27f25bc7dc901d9fd6da13b9229adb826f6b282f86ed298e0f65fe2a9e3c7304f830dd471a9ecc0890e7ddfe8a99d72e01b64d72910d134668020a8ea5cc691d5451e1173aa171a15ee47240a76c81b8aed4d06290b4fbd53b7d3b7541cfa7931054fbeac7627bc860e49e3068aa9d74d682e0d26c0f35da5186612d3e1e1e15cd1d10d2c89c384a043c5dbaa74776e967284dd99ea104c6f017724e39ed0dbfb930e07dd4afc3334854eecb853aaa563c02c65828abaa6eedcb006fb96fe7919e2606fb938dca925e21d1553ee437a6d60cd3f32986ca27b658f09d54438ca3193ceca63e0b42e7b02c5b3aaa592d9724221326d160cce63dea472ce47e062afb4768dbaaebb0057b05cd116cd6220aa6a92dd54352e0ec711b1f729242f75f4da02b59a8a6a8f85ea2798f4d1779246a9f21768a822c2cc5d5577d3befd536c427476cc2be5b6f76eda59f76ee3cda836e2fcb61c8209ced8d50b78c20cd72423b94d8034669a30c6a763a59a52392c2eb38db21aac48ec2360cd581d15adcd4a6d668d84a8c02ee27611d57ccb51bb12c2593b0fb253bb2eb6dfc3487dd9a6786fb3a3b9e8e0852524458657398ff49d1b7894ac85e3142fc9c6e318b7e2a33ba78df40e75f4b3eca40c3ba7bf0e17e908be2f8a8dc22898efe218f360197691ef51b1cf76f636606bb9b9d9210d2343b7cf7974a300c2c5534b4f15219a9fc6b6b8b97d8a38a49e4b431b9c4f260baf9aab4e5ddde0f9aa8ecc92962c753247193a37529daa69520b1f2433089cf6f63d0c5246fa9aa3e133d5eaa7a892a0ff00871faac6e81535162a5350d95d8c74e49cfa88626ba575cbc70bc004fc5063c3b470272f7a73490cf0b26802d6c935efc182386316cfd0bdbe29a24df6f78cbfad9462486f801cf505b7054b2194714116595c357108c00c75c3b103d153978931b315f9e10a59a67df7789acfaa2d7f8210bce2b5c585f3545387b9b4f59e242ec838ead5dad47dcaa70076261cda5379a7681039ed6b4b8d9baaec7a691e0891b66f2c4aa29e4a5930483dc7aaa6a8bf675446f3a9681e4b7a1f40ea721d9c80458f5f355d2bcb1e5a1ec30386ecfd5b594f50f33528de3cb6cc7104f34e9200eadc18f785aec57d354fac2292376fe412961cbda3754d3b5a7b3ef7e173ae9b537a3aa63f30482db0d335df5eded29097bbbbb7569d3453494fdda9c074cc65bd41a9f342a0092a2d24adf04124e563d6cbb42a098e18de71bdb9ef3a85d9d4724eeded808c737684aed3a79bbc64d7167243257da114c7bef939df15de1f2506191f7c2fe151d535b4ae696477cb5e7aa6c1235fc2f6870b8bdfa7ff00508a40e3c5af30ed7c9603843b1e2b0b8e3fd100edf39977623af89afe0a3b4bc205c3721793ae5d17135b1eac1eaf89fa2c2fb3f88806d7e3d6ff00627b647e4e7975ce577ea7e0bc5644f7324f0c1cec79a99b34189ce935cbd2d5171c36be4157d4ca7751c6f3803001645ce3ab8ece5fbb192d702d36239aa792f30df5dcc3ad91a606179a573a5b1cf86c6c99056b870c2f3ee09cea8666e6bc67ad96f5d6fb0858a5c0651a1c8ac728bc9639f3b2c723305da401e8dd4a6465b1f3b15bd7fe370a38ea5fc2c85e41e5875524356016ba278254914103ef52f38c0ce30dd5cb7f267675affbe3630d8dd41c43226de4a360e4e703e4e45b9e2702ef363b03bfe10963d5be29facd008f795bc2d94bb78dc56d2f914c751ca1afab8a56e1cb81f7fd53e48a1c31d346ec3ae27bff00251cb85ee37de8273079adf442d9bf3f523b33e254956e6bad0da31e46e7e28cf2dfe91df152c9bc88177a40fef53d2cf334ba189cf1a5c2f9beaffcbc9f043b3eaffcbc9f055104903ad331cc27aa62864ddb9453b79e4b1070ea9b668b00004e8585a46102fd02aa8433899a7451c0308c5e96a9c1a3401487e29c7a6bd51cbf7fe4d35aea5787bb08de6bf605570b58f8dac16ba7434cc3bb7646d7c4be51ff0013173e0fcf65f126bec9b22150e1eb14dac78e60a3544ead0bbd7d5fc53e52ef245ea58e48be958e693d46c6b4b8d9a095243247e9b08079ec009361992b4d9f27ff008377f53f20ab3f8881120cfbb2d19b6f75f2945aae31f54ffbedd55ecb12babac48b97c97a58e473e778bb98f681e5e6bb5fc7aca6a538a536739dc36cb3c948dc1239bec9b2a19b7518c1a925bfaaa999db9923cacc361616cb6516ee8db1cf845dac6cae73b3399c9ad1cbdeab5b1d4472cd8462c1be6bdb95f8ad670ebe7b3e4dc6e928a4c02f693f20a76cf2904b00b742b7b5187d06dfadd7ca4696d5438b5c1f9ff6202ecbaa9fb3dee76eb1c2fc9edbaaeed26ccc2c8619778e36e277fc6a9ed70cddcf35470b8b40759b67037bf55514cfcf776264b73d139b81e5a7506ca9aab1d3b217b432cdc3774789920fadcc7bc2ababff00a67c2d6e3b8c38c4785ac17d1bfaececced26d1c0e8df4e25bbb17a565f3f476b77116fea943b7a3c36ee408bdfe95769d68ad958e6c5ba0d6e1b62bff006375be7e788920f9adfbba9ba738bbd22bbe49960b3474d51ab98eae1f05cd0ed27345991d85ad6c653bb4dcf88b2488381d6ee3b3ffc400271001000202020104020301010100000000010011213141516110718191a1b1c1d1f0e120f1ffda0008010100013f21bd3a168ea1ac9dcfc7bb5622020691e23d4f32800514071044b1c7fe7670e27fdf786e0dfbf10ef11570c6e45b60a188e7732718dc5804a1dcb2633e8a9705a017f8fc4c841fb5a45eaacb383b6135d8f2b963cdd75695a3fadc0eca055b7b0d60ce1e265f0a2f95afae897701037b27539fc12f46602ab8ff00b044512e7d0944eab558b0800ca2ac85a5d94e17fb24cc5e27ddf5304d8ceeadca287c023b8e2b5540e6bd4d2362f1a6051acad6aff57dcbeece947dd5ef8fd7d99439a2409eec09fb8a1ee4603a261dc8ef93e59fe772c0691e6ff5ef3cff00ebde383bc2c7809e7fda5ab5406148459f6003fa97e2de9c77d7b4bf62585d813e90e7be1a071afa8633d187c1f99c502de036bf7cc32ffa01fd4b16bf3ca0bfcb3fc9cbee051e10c42c928c982daacde6a794bde907d1cd54adbfdc0ce7ee7971505d799db220e91a7e2105962a8053d3528d8ce218fdc461c74f5a1a3627f18829adba8ab80dbed32586ac6b88c6e68de9a793b97141596726bc7bcc5576b565ab7137c0facb150e420bd7b3fca51073e46689e1bba864b386a1822f67553bfeec33eaa8abf860d2c35b978c7173054399455e8692ea9a80eae11c4dcd4599cd7cf88a6ea95737bdc13453e7c5429e1334a8db518df93a97a36ec1de33f8266b625c182b667cca80310a1c2efee0cd05d535db98a729ff0080f0f7e667d147f339bd996a3dc362d22f24a0832e6005054b3463f9947f4c1f12e0c6b71eb0f4ce6d2c778c40b131ed1166542027fd116e67ea7bee03fb728e44a442004ade7fe404769b74219151c175ef00d828b2a452a4582bb950c9fe772f01debb8e690ae509edd5e84111070d416be2713111efd5dca0036175ef10e11b2fb5731cf6598b53315654cf79255300fa2cd9dcf34234ba06c960c2be496ed1b9c01f6170c312b502fc04c6bd9e8033c4a918f88b97d898a3961b62574966a817f18a93418116f12bcaaa8ea7885632ae624965a2297f258fc2a097964b687a555f6a985a2cdcc661f9fb4a7298bff773bdb4254bcc7b0306e1a59037b8b2ca6eb72dcb983d4cd326c9a174e19903ed1676712dce954f30cb27eb1ee08e71a4eddfa2ae24d9eae9beb32acb814f0c05a70dbec9bea40b636855c21c48eea69495e9e6646856edb9efcd42321163178baa7cc26953bfc0b3cfb4f8f4c11ec9d0f2cb3b47aea1e621b8ac5ad3ed0b58acd7517719d5c766e3abb874d9d1c26728fcd65eaca84d5a595638e277398cb21e1388eec61c7aae23be733ee331b8e55a87112b39b845f129544776c0b21f3e90d339ec886aabb9aca21de1dbd40f9437e25623c4c328c1b60dda28202125e8047ee02006321afb8696068ea7c7dcdb38256c8a708a94895bb7a8d6387b4c1e07732c33165f6ce6d26d5645159c32b51024e618775342c59adc647a4a820a5d8eb519fa4b2fd5e6514c2988010a283cb0b0f53312ad40aeadf84d0f69ca5665955d4700c5b55f6445957bcf0618d58399665f89837dc165ba9535bf4cb0431baff089a3e8bd2b15805a1b4ecf3143ee039cbc7f6229f2da713e3532642a51f24e4f3ccbc961843e16afc54061f6cdf59618e789d71aee0e1981b7e7ae3dfb9daab58282f691fcc31ac2ab7d4a8833286c9a3db24653a7b2596975e58676413b9d39566f14f483f9651d91324b92f449f181a7e48dab23359b4ec4569b77f3b87679d9cdf9253b7b5b46851fdd00c38dcde4afcd5c00b2b01e3a3f7f101d60e5c1ccafae49f3cd26f8acdab1023b3cc2f9ea5880b41fc334857e0947a36c0256b47716a36980f8f1b69ee5c587c67b26bc9d568d7f5322fa2a88ff000cfdc654b2edc87ef31848ef05b2c732aac769c58a19260df8a265379ade6393d0707ecf04c0b55669ff007099aefdcb96c96f1d056a430788cfae37cda0ee55979ac7fc808440cb13f59eb44c0c70a2712a9f42ea7258ce21b01981cef73524541f79f6b99aa141f02f8f0946dd35837b4d8cb6314c814c6b46ebe1340e1c5977f299ed480b5952bdd1321632d45e22b0bfbb50799e5192d019347edc6621d4a56f9575b85e472d253af98b093a0ea60371e37dfe65b09f77d03e5ea6a115b6703894aab20d83b3cc52e0df1bdbefb981599fa2ff0047d4cf940a971a3f300148560f4ee1b2986f6310af09dea8dd54c809aea57f1488de2b506a0726170df139769555fe5468519c656ff7031277873be08597c5b0717d477eaefd45cd46afc45a172b52bef014f7649525fcb7ee32f923b15d747923fe1052474a61705ff74c661df06f7c3781d4c3c191ace6d181f78ec0b26d5bc5efea169805d29f958d0d5b517dd666472f7164753dca9cc77ff80435b073e9c0120429581ab23d91f6ff00d89ab418540c1ed102a1e2b2ac06549d68f481ee8f6452c4f820de019d864b71828ffde600b4b8714b7df33cc3e3539eec2fe70c64801e6262b5e629fd9345032be413703e63e58d314f79c5bf04a9da81545b83926b040c73608c3ecebd0d8a8a036b1148e13d3f350c7dcfe48ed2c85efa804682fcfd0fcc5e50707a07a818eba79bbffc4bb2b746407ed3e312ff00da7d2326b71bd0b9f763110f1ea005e3debefd0157cf54a1a0d32b32b82aab719f568ae1baf478e4390868544a7fb8955a4717f70a365f77ce3065fa8cb97d4b92b2b3111ec506b9be1237de5086c759637c6a50f0f90dce10051d281e9d7e658a060d8ab67f8fc31a8b695366263453083a30c1788546ea3dc95557566fe9e8795a6aeb80ebc4cb04aac3257c4126c6057f5082e09ed5bbf9f44830f4af5c1c6e0c1db0141eff0071747039be7975de637763551005486993de7da0b542c75d8512f6739b7cc2802a2d81d55ffb1349df537ac78f4fffc4002610010002020202020203010101000000000100112131415161718191a1d110b1c1e1f0f1ffda0008010100013f1000ef83186db71ffd084ca6532eac10a71ff636a5014a1a44ee5a58c685b60f7cf47b21730000501ea1a02b48dff16767f2b53b86beeb214f87e0770b0af60caea1b8c863a0a6e387cfb9d581b283d46c8bf9840a553626c862964e0f98829c3fb8c3c189f304114f115748ce1c69445afa17cb0e61ab1a4775cc0a5a3c35ee2100d450adbd45659806394c9dbe57f5c43ee6b9b50746d7681a598984029f259556b6f90aa0dea411401cb94746cb858224ec39669697c5a59cc12a60b57d28d8941e1bb8e800dc2e50e0e3b6bcc745c3b21b55bdab70c0c8589fbccb46e6024ae7ff00167641b04b55c8af95e2bb894b8c1670557e29bea9ea007ee85b71e5d1933e4801892ce7640eeeb1dc08c2ec5b25fab13e3c45cf80256c53e37f476416c67176fcdb2da67c7fde68d3ff00be62f890c8b11fb9516227d6ac633a8f2170d7f2bcbea6f60f7fdc4b543e5fee0012c3562c7b8f01065fb88efeec353490bfcca0a169f5f95589474503100a6aea67af2dbc1beb21f56d1aabac99e21f7e59efcc600c4876e7d842f78be6f008aa5cdf071ae345b5323d0097ce6702dcf960f46833388f88a3aa83812057280fde3f6f8ad69ce8acf10455de0ffe704307ff003e229552af2c145e41f5b82c7826f33cca4d003f700a30c16c40b606bb95cbb704da0031cdc4bb6010dbfa8a260e883037381b546178b55b8b98ba448eaf9de256b812fa52349f72f70c4e72a9a625e6abd4b7f80e620b28946535a5231ae3c0ee9e9f10138c557c36412f19e2584382df11d27dff00d8362bae08d5f41c1dc45c6c555420e8e7f586c0db50d297c0d1dbd5bb85cc96634f6beb267cc5568ee72cb40b967cc190e2f948b6ea96892b18339b966e480ee328362f63382bc915807306db3196f962973a8ab4235762fc2eb5feea5b15985c8030103458e6af33286928ca1b0c0bfdd44429db45e44d9af0ff0023ad299ea55509b077e9fa97200ac148e81ea6ac156be098be4dc78c10063f8a8e5093d87cbe20039cb6ec3f0d8411d84ad0001f2a1ac788166a8c406955814eaab8a83a31d5b696b39c34baadfa8210644ba0d6dcd68be311a1965d8703a502ba36c28c3e683a32111e231bc665882314c14a2e538c0755338807a822cadd1a46c408d1940e4222b63140e2bb9f10589506e0c5c0763094df81dc3bb73076f8bf136b325fb940b68fc4c40dab0cff00d8366c0ab4d1bfd3043d2aceb3e3c7980000e21925177d3a80935f47fc82174494ab4f50ee87d32d7566b3639f88519ac587c191fdc54c093903b012f25d7c4c8b0d8e1fa98962d4bd7f01445928341da5a86b83a22d81c18005d2d8258d11744d2f71de57a613d197451b1e32210c1445052c6d6e06bba201daee6e3eca8694f5fa88377282f7a9b8ccabc466428352ed3576b5e2bf683cd0401805adf55cf12e21f4a2d9b1adfbe615c3b42cf74c16425be741e61016ba1fdbed97a3416717a651bda29280c6ac47e103c08368dd51e3e63a35a527231f2adcadbe5c1154180b143ba6294942c72b365ba6cf332ac156f9ccbe0d4a4267f32d4f0e982df83882102c40f78ffb2e20c50671298b6d068727fc96a54e6eabff0010681472dfd27b06a5055c62613c0cc25910fb8e2eb244436fc46ce9c3ca53531da61d0539220eb4d32c5f215a6173777ac466b5d08009cfe60657093997d2a5d243140de3c3dced6b4cbb4599b65f67fb309e85a72bee0aeb2539f0bf25c7697c06def147c00436df1ccb0376baea308b1578b663f3035f7fa80d18bdc46cf8b6b6970794ad7f134fd6bfb434682d06e9f1e1dca88b18c92674cc6ca8d8a40f2cd430478bc5c3c156e53733ca8ddc50bcff0072a3c94c5c91fd1ccc6565dba3a6528795fe2451aa7f2873c5f9364ca826f8f482607ab86d92bbf3003757d4a6d75dcc0f772a19825f9d2e8516b9a188eb01648958e3dfc46da007affe83f708d3758258fa99fb62d29bf514a46e08a6d9704c8ad3cbabbf8199851431c929405bdbaaa3150d61dcbdbdd4cf38b7ee354d71dd51e7e2a0da2e1fe98641b5035e6b87c6a3902b0e99b25bbd41124343066a6cf3dfae885406b6f705f8448caeddcf4781db0cab04942b147eb32db3eabd53cc422983402385b8d52fb5cc44a42603fe02320b636c33cb4a94619d52c175e80fcc5d0331d98d0544add730f82d20f708ea17c0b37f09e676951f11fb811472a19f11482830316afea7f7a0e25a90d5cca74dc5b8a62eb13725b2d86e8636aae43c4d125a4a810598171f501482b144a4b96c7a3cc6da80bfe9ee287ac944d20dc5cf61fdc5a43b99905ee71b16a3238031710512dbff0050bb121c88ce026bc42c3e010236d9ed50b0c60f89621ee368d77115a28ea2451c94ca456384ec86120bf096cfe16620dedb5b7f50d39567a8ee0bacbf107923246b8faf92504d10cf926079e67294a886fa8f94b860936a803e18f7fdc20112afb7c441e5e0ea525ed8835cb89800b301fec3437dcc450b057b589c682ba3994951a2934ed3c7a9c8ccba50e540fccb751357860a783eef92196801bcdda14d85e2f570c7ddd18051c0c688a881687fa89b0c986060c10c997e4329d9f0dca38a975ffbe260ab832fb965f89001b0345f822775a88498a69c8f984c99d8b3e12ca3eae008f55637f9987aa8080829532056a9ae81166661453d978c1db03b46a77a5a888472db8e65d34eaca1cbcf48a168a18fe2905ee155f1b59d8a4bdd75de016edcacc62de2a212ca5baaac96ab0ca9eb99b55770552c3008169c8d195a0d2f00f82e89a83d437fc887f2394705a1416f70a280c59a6556e1cc12789e873538e36cd910937888392ce3a8389f12bcc2ecb8e5aead03b6fa986bdb7ecbb36af30557aa8d069c97626468bf72dab220a184db37628e36f08c56d99cc2d2d5cc5d1a3472ca82f9da3bb95240478576aa8734e20ead5b4244aaa4aa870b7f9ab814fbe2506886c67843ec171f654e5383d2282f4f31ddb938a3e4052570e18529900158b290b42e8c7bdcb18cc71a1ab2f79995882de911726ace365456ea593168f907f08f3323f172bde07d047b8d4e7e6c80d673963e3d41cfa4b96ce490695cd8bc2a9ee32681761da134f93870c50cc19030201417f65ccb15250a0288382d9eaa9313560939776d32e996558f23dd39b851852534557671eb74e264a3a2c1674d1341bcd54a25567768a00ee2eb30859d703064b79bce62d8ee8818013b595e58381a28d5991456c0704b9e141c4693656fcad6a065724177ca05656b3f701a0ed294a3ca1b6baadb384ad1c0db8344cd62b89baab7fa84f436cef363c621c572efd4a7cbb80684b34b036fc130cd37a90531f83ed8f341b0dae5c57a7d7aa300643514d1d3157b7a96d5756e17bd883070d5dd40d3b3cce94f5518f1dc62ecf4d001426ce05d989cacb6f0ecf68eb76ca82bd7ba06c67485dba2cce6174cc5467b668b38fb8a260281b486051c30ce08218d62302029858d9586c58344ce901696981592ec294a4658921bf09dd7574409c28884e407764fa8604b8456e2b99a3596580553883af1157b7f50daac5aa1614aee5d238c040e1c14732ef6c093b2acade88c60e19cf7fb6bd8d3c86fa44ebe119b58ea8b73ac71040a3148dab95f6b32ea949410136e9317ab2a1eb3835153a1d5715ae220ba0847657d63eb12b6f9cd9036e1aca6f2446dd209b7b58bef39b99c52aba14569de9eaa0a64376592283c9dd5d63531a0a71908deaca52aeec836e0c18609c8c631082a81070419336d11c01d151863506d0e66b827632feb54e5496d8c816945732a5be8c4fb583553bf625b3e12fb8781552cc2e88d872bc3645b036659a6d4979a5d0dc5f408034340c152ec7170823455c2e578ee2ed158e2320a0c4dcd4aab969d1a8f00561bbd0747bf04b268d46796afc1e25c9a8dd109f5104ab142bb8d72510e4773252bf866469b18506bdd27dcb9cfd2fdca8e5be9fb993ea68b12cf9184abc9532ca1a6f43cc3761debee2702a92c448c123830fd4b7c12201e46b10aa16b7f2d278bac7713aed8269ddd79f2c5fdec2302909a50c79b816cf897a21f21b7963987f04e1fe070b2abd15412c859dda80bf70885beceaeeafc554bd18598bb019642d24a8a51d91fbbd07fb28d5cf657f50ca19e5b20d623dff64b9ab7831fa4985337a7ea5a7927697e369f9250c50538a0987c235e62a55b58d09a019cba21afa2d06e90c8f4ff0006be87da1a00e55e2186a1112913092bf8b0c5ba0dc821b485d987c3334178f41cba631f034ca95b4c1de3a971ba954cee53cfe635d3f52fc5ab2b7f07a5970717753e656f9b0c54e4aaa0678656ac56e29db1ca4d9875c41fa819703846aa4a3fd2cc4d128c696b8d178530cb0c07a98440c892d0152b0255ca45b14ab680e05bbc4a24932a9ab691dfe14d85be76c45c1d459d637585f309505dc161cb63506e518616dfdc7266256a2041f6c5ea10414501957a817c67a15542e4296f69bd77295f78f27395582eeb2698baadc0de70fb8a995809a08722506aef911c35b3e01745a11a539a2dd5cba6d415891a4c259b80b5b0e70ad320ac20b743984dfd6470758d12a65b725576c7368b795a50af946d272a95485fcd8fb49808d562b898947c6916e681e15e2199c9108ac89718a862081681b11a463319d646e88159b67cae6e5716e426c4343a5d1075e6e1a4150d0516b58f2bf70f63651215761cd31ac731e26a8e3c82ab08608b72db90f6cc16ee30b5d054a2d2ba3a5ac315c08bbd9d30dfb95dfdcfffc4002f1100020201040003060603010000000000000102110304122131102241051332516171204291a1b1c115528172ffda0008010201013f008617357f3ebeacc18fde6450fc108ecc5bfea472f2a489dddc9118dc44bb1c5a34b1df8aff00d7afbf7fc1a18294a597f4f1841ce4a2858a6954ba2385aedaa26a526dafe4c770f8abf5376ee90a4f6d342f666a52755fa9a7d34b1e35123a5c92568c9a69e3f88d2d424dc896a60d354cdd14addf22c905cf26287bce637fb11c5280a126ea8c51dd688f0e884b69965bbb2ea8b1cd9661cef15ed1eae7d8b59913b3149465e6e8cf8f6c9d09f96caded2336052871d9f463f0e44fc70bf7d0f76fbfe8cf0f77048c3cf2295a3510a77f32850be8c5a379171221ecf52fcdd0fd9ed7e612e4c4aa49dd51aacdef1d985d214b8a465c770111ecc7370660cb1eba25d09199ed828fabe493b66069f94c4a9bb32668cbca8e9f047b29a92661cc9c6a7d7cc52728702465b94afc37b8cd25db1ce528f97d469c726c66586c690d74cc3ced4668ecf3c4c7f026cae09aaa62ec5854a5b8c6921c20a5b8cd35266e14a9c49ca2f1bb210dcb74992e1197e0b428ee970639d704f3b5c12d437c221ca2cc6ada1370e19082846897ac894ee3447e226f6b32d5591ecc6f8f0c52a8ee5e94492c8ad7a9195a4ccfe58a431ba76495aa258c4927c115c78438c5f734d2f2ed3751a9f8bf427224ed891927cd11447a12b252e145126f1be0c6d658f264c9bdb931f23e08f44e16ec92da847444cad4a9987238744a34936319e836d704d886448fc894637b93352ee74ba43e4af0dabb1c56d4ca49d8fe4451174c69472388ddb6d8cae049766d55d9b57ccdabe638ab1a5e85d937e6b1be19cf65a685c948a54521a1ba542449db25e1d8e9948e3a3a1d767af87dc90dd725da39392ce7c23e2c65d2b1657d48f53913377a2178e4d669f1c9c279127f568c7aac196558e69bfa34c68945a149a373a1782f047b63478b2cf5396ee7ba0bed7b55ff00dbfd8f67e9f4ba7d7c61a674d29292bf55b69ffdb1b13a1a8b381210bc11afe336afff0058bf9463719eb63351a6bde47ef4a2ff00bfc0912e1102297bab5f2fee89bf421d1ed6d16be7a8d4470e3b8e471776bf2a5d727b3ffc866d5c27abc7b6318b5e9cb75cf7f41f8a1f3c10e05a84a3b7e95fb92564152258edd9b287e28a121410e3646347ffc40037110001040102020706040603000000000001000203112112310441051013225161713291a1b1d1e10620429214151681c1f052b2f1ffda0008010301013f008e02f17e3b7995c343daca19f92b16ad0402aeeaa5c1b3b4875736edebbfcb0ba3630e7be6f3c7cfaf86e1dfc4c8228f728fe1fe31a093a6bd7ecbf92ce73a9bfb90e83e20ece6feefb23d0bc40c9737f728fa1389930d2d35e7f643f0ff0019e5effb21d1dc4b4100d5f9ae1a1ec620c55d5d11c643c14ae965049aa15f1527e22e15ec2dd2ece397d50e96e0f9877b9a9bd2fc236cb43ace397883e3e499d27c2071753b3e9f55074cf0d0924071bf4f3f3f35fd45c3ff00c5df0faa1f92969bd9085bcd081bb942260d97621188043cd1ea68cadd46328ef840b959e481379473d5bf5302228a079a0f0392ed5a3709af6bb92b1e08c81a2eba804059b555908d940f240a700428dda5d7568b83881cd4c6b0875347539d600f0faa636ca228a056c56a2459446acb9575c5c1be585d303ecad3632870b18e18c85d9bd93852d3cd5654c0376568041734d25b7488b41a4a7c64522293b0427ec98fd3cbf235a4d28e21cd08834ae25f4b55b13b74eb029004eca904059a50b680077098749b4e3ddb5c4444b4bfc2be369bb1089c5a780e16134270a684106d0b51cbae47102b298f2eeee9ca70230b887e0b7c48f85fd50d8a3b263b14a94bba6b6d38d850bb4bc151e3bc11c95c41b79ae4982d3b745036291366ca68b52f74009b820a89f428a0751b543590539863b45143740616c6948ed449518b2131a1c0108d0c29707527bb50442bca20144e512bb46915cd17b9beca1c63fb30d182117481825bc9242927768d1bf9a63891a9c8cadba1929dba1bd20538e2d4d108230eabca8238e8bb91f146189c32edbd11822ce7e28431b455fc949044e9039c7ff54b130b498f709a6caba29a13f01712f0f89b20e442b06401db5fce81a45ba5add03719fdcbb30d6135cc8f7029d1b41734f218f5a6ff00929c1ee16e6f8fa9c84c78670feb6878f53051437a4412dd23914e96377241ed236dbfdf145dfa4fcbee848d0ed55fefbd1746e365b92a539148927744526a68ca7f73d10d0e3828b4735a5a835a422631cd0717512884504dc6518f5100eca4803863741aead455bb6458eb15b14620c6222b647a9b1bdc2c349fec8b1cd1de0426539a0a7465bba73421180f3e08375602940ac6c11ebe1388919d933f4d38fad5fc93e59e580ba6d89041f5bc7c1427f49e6a29b1a5c9cc63b6c274046c89ec8654926ad9122e91ea87d987d1ff00e5476d88b6ec1d27feca33c939c41d41364b5dad05c44960a66d48fb794e41709c470cd646647d16de3d7fb293f858e32d81f6491ee1681a40d8a470b527d69a298291ad569c309ab4a6b6b2826947a9dde280a5a0222d014bffd9, NULL),
(10, 'Action', 31, 'Valkyrie Elysium', 'Playstation 5', 0xffd8ffe000104a46494600010101012c012c0000ffdb00840006040506050406060506070706080a100a0a09090a140e0f0c1017141818171416161a1d251f1a1b231c1616202c20232627292a29191f2d302d283025282928010707070a080a130a0a13281a161a2828282828282828282828282828282828282828282828282828282828282828282828282828282828282828282828282828ffc200110800d800ad03012100021101031101ffc40035000002020301010000000000000000000005060304000207010801000203010101000000000000000000000203000104050607ffda000c03010002100310000000e4473dbf9eb6b03763460c734a8372459b2782c59bc962c166df09599266488fd8b95ed9cbe72433a2d32ad579c07cb2ab9c59e9f0ec592cb62c165df0959926648a6f5ccf6bba50dd4d7524b031bb56ad352d3f9b3dabcb3d82cb2612b324cc939d4ff3bfa94bed5e64abc70a10bd2c9334976a15056fd2b1c9644be1f358da6b8a4440bdd65fb34a3654e172f56492484d3630519d7a0b2c296e5957cd6102caa65b25d7f65cb72eaf1d316d2976d9c8887603d0c23bc7c2e7dac6354c5ad302730aa970914726f7ca5dfb84e54e1aca624c55abab74f1d5a777bdf2bef6953522aaf225061090eb731e6ec67dacc1bdc3e8a6b8c0e63cbba9961f1770ca25d05df531053790c5cb69adbc02b5f4f1c112bc3ac7314320bec0e4d06dcf524433c41abb9f42eeb494ac26ad62c20b255ef5313ee81329da4c825bd70f3928603b4595fe2d2f4edfac80ac67892d0d094e76f0696859bb473754d765c7cec920c9c828720f7a8a3d9c0cc88d4df3f3e60fed9da46b614df3c54510a211e4a6cb9ad094b5874455323abde1b6a139ec54fa6adcfbd44e8342724861f22aa26374aef53aba0a146b94b1320996453c4ca779f2f10d4a8ab45d5be977437453291d5cc5bd48d397ea05f1f874e43456ed20176f14331b477a2c5e8656fe8fee4785ea552df37e8672c8ba521e7c7b19910b555b193008aa5529e97148e0d1916c74e4d9cdc7b9130a70cd6978e66f48c3a9e83573ca703ccdcd0054e8908294c92a36dd879ccf39f47ee3a5173923da5d59ea01166d0646d3c77a9c62357044642ef2ac168694b39e2bac8a7d05a53d7169cde182c408871b2db2ddb858a5b1643bf5329ef200a763b9dc1122ea7ed9a53f412e59fcb474230af4bb6ba1b3252c6af150d6fa1ca2b72daae80c6872ea0dd6933d7f4804b9f3bf4808e7cc9e750765ea7860f9e177b4f9d98a91976c497405981e7ce518a004e4d976098aa5ce375b7416bd119dbc222c5aa6e8c62ae1ea7a66ebc51318a34b3a38d60b1b5342aa32f62d085b61b439cc921aaac204a9abd57586e934710d0d946cae0ca9f1e9ea4d16be33cb57ac55449f43fa8fcc7577e7399bf3a47ec385924a8a3ba9c5d5dc6497068d124d26054610a7a9a5efbf52794ec45cd3069f9d7cf6be7bdf4a1d006b2c565a96299a6d7536c750c6256262171fa5bcbf62e73f12e6953e93e4a090877d6a6aa5ced6c0abcdd63221967cb91c753482137bbcadeb48bd53ad8b728d017b54f29e379c1195e0e885b25ea9bd0a29d2a0ff00ffc4003e1000010303020304060805030500000000010002030411122131132241053251611014527191a1233342548192b1e1203443536244c1d10615303582ffda0008010100013f025454ceaba810b080e3e2aae867a5d6468c6f6c9a6e3d183fd877c11691b823de3d18386ed77c3d210410410ffc1d87493c55d0cb2c658c37032d3a2a9c9d415d136291ce74ceb69a6ea463a3716c8d2d70e842a8bd33c472d6d56788270d87cd3ab1829278b893cc64b5b89b37e6bb0ff9b79ead89c47928df5552444d7cd2177d9c89baf55f57de17cf2f862701ff002bb604862a37bd87eab5e5b6a820820821fc704ae8256c911b3dbb28bb59eda96cd245139c37234254bda8d2e2e8e06e649394872b7b82aa9dd512e723cb9de6a591f2bb291c5cef12a37ba378731d670ea9d5950e696ba67627740db6365c593fb8ff00cc8d44afc7295c71db5410410410fe3f5fabfbccbf15ebd57f7997e2bd7aabef12fc57af557de64f8af5eaafbc4bf15ebd55f7897e29b59577fe624f8a6d5d47f79ff142a2a0ff0059ff0014ca89bacd27c54534ce93eb5ff14c74dedb96525beb0a32498fd63957cb3c710958f92c37b28cbde1b8c875521987f54a925a81fd793e2a49ea9a7ebe5f8a756558ff005127e64eadabfbccbf997afd5fde65fcc8203456f480a31a260ba65fa28438f9a261b5a61670e846aa5ad92295cd8de437a0dff551768bf978cd6dbcb45ebb4eefb45b6f10ab2bb3c991ec0e855055c7c3c0f2f81534ecbe8eb94eb3949127b6dee4f6dd593774d3fc002d942d91fa44323e00282966cb19627b3cd40d00e23c570849a3c5c27c703eb1f0eacc4ee554d2f09d7ef64792dd542f636439b731b6e8e3e09a6c6d19fcda2748e8dfced0df7286a01eaa4d53da14a3743cd33bca31ccef258dd5935136160a9a3e34d1c637738054f4d1d3c22388683e6a665c297e8eb7020069eed97063987d232fe6a5eca619488a420db2e6d55599a2661621bdd2ef1f241de3aa251083fdbd5405a5dcd7b260a7963fa376c36528e67298591dd0d1374693e3e8299de5d9fd993560749dc8fda3d54f4f2d055e2e3cc399ae6aa37f129627679ddbdef14e0bb7600c6f1d9b8b5d4257fac69be8596d7debb65dccd65eed0174f41df644269b6ca866e76db1bdf5556d19dc2963dd166be8e81595d46755141eb9d99130cb846eb580f216b7c6ebb5a19788c639ee3012c1ddee745d9cfa8a698d331d763322410b8d2d8df0d081f355f33aa69256e97c6fa75d426f2c7934df94bb51e06ca67e17cf1eff000c3b1ba6c2d9599be675b881970df109b48388d6711d7743c51a7cbe4bd599f47791c33db4f729e91acb5e479fa57c7ddf6549438b64766716c0d9869bdfa7a233cc14278f42d738f95d4bb6a9e9a01f14e6dadeef40620355d9b5ad65a39865174f25eb10548bf13a5ac4a68bd477b737f88fdd099c384db139b9b95c79a8af24f14c2d83e13cb6eb620fe89bfcb06e9f564dff00fa55e1d83dac68797c98edb6ea173dd49362c04be60cd1be2d3b28e370aca07006cd64409b789b2849731f14adbb7232466ddd7075acab05dafd0f2554d979689e6fd9c458e6202d3f839b6fd5107aae8bb2656f05d1bcdafb29bed7a1aa3192e11bf928a2e87446037e5420c059fb1f2403c5c30e9fe41411d491cac8ec3c4a11d9d94d2125bf646810a88dbfd35255003923600a691dad9c7f02985cdd9ce1e40a1c53bbc8f0d510fe8f3e3bac9dcd773b5df5dd64ff006ddaefaaf7a0a8a66b1f7524b9b2c7c7d309d45d02db7eaa3e0b85dc75fd564c658b4f5527abc918c5d8bbc146216eeeba92a5ad91c23d8852c9a94321d6cb2794d6bbaaf576c8cbb7a2922b0db552c1ca5c15b5f344fa3aa8f472bfb917ab2b59647cd079f35c7763659941e544ef12843934e89b4c5c34429091dc5353e23aabfaae85aed7aabde2d09d7bcadc8e6fda5333177927f97a1c1315f74146ac98847a68570fcd6d7bacd40ed74dd436c1a7aae208231619a656ca492e90347827481d171183c8a9719a92438ebb215ac65598a505b10e5fc55446ce21e11551d022106ddca46d826a27d03441ea22c7e9ab4f8acb17107a79a32045f70ba28b95b915436e18c40bf89555370dd865a9d0954ac7497c399440b237b7da370998c40666c2fd576a38cbda01ed0d701d075088ce36e3d7653b6d29442861c89534178726b7a593a32ddf456f400a4dd41df1745977145a1a9913e4ee37fd970f9b17f291bab3789833f0515a063de760a490be5bb950cb8ed750838b721d159a4f3f4d556ccc152d921d4792a5fe558fb6c34553f5ce4cb5d5808c80eb13b9f252ce227b2388fd9e6ba9bbde961e8b82d7d8dca74300c70790ef3d8ffc27b8b5c46c42c893a2e669682a4824d247b3948deea289cec486e9e2ab66b9c2fa37e69c79fdea85d66902c1f6ded74f97e8637b00b3880aa237c904c23dc801474366f3ee112ca786ce7585f452b788eb82a78b82e6d8dc39b75c41c2b1ea54ce6664b31b78808c64f7753e4b0d6dd7cd39b8f507dca161673bad64e728dfcea585bf58f26c53236443eaf99db17146294b496f3347b3ad94356e8db76dc93a6ab89781a4e840d0052eaff24f3ce4aa590b5d75432e6636b998f95be699b92a569c9de65768cbcc34d540f235be97d2e9ce12300eac242e1de60ddc5ae9b117dc0ef7408c86160d7bc354f9b8ccea1dd7cd10a5796b02cae145a14d85cf0c75f4015736f11793eeba22cf23c15247935d9ea02989e1d9bb0d14a395a7f04ef04ce5375d93332591a247103a6a89b0534961a6aa5797b8976f75052f16305aeb2828dcc95d9105b6dd4e3835ddeb5c22f6e86faaaca9329008048fb7d5ca27b30d3bdd42cd546e2fb2d3842c81d552b9b2400b468bb5090183a28999481a7a9545cd680741f34f8f2b35a2e9f09ff8550cc1e997f66e9b931bb597655599e9ad21e66fe8bb5a67470de3171e2b22a86494404deed6a8ea326e564e973cc9ddceba274475434086a14fb8560405c3d550de2a260778dc7b956cc5c5c08b6bf2505f8a15f85541e3af828e50c6efaaed09cf0d8dc77d517191c32e8810c612546fb92e739c1dd3c1473323983a0900beed3feca795b3418dd328e475062d8b22e7643c9767c2c635c347798d95500c88dbf04c174ff45f4596807827b0ea7a28f7255f9950bb2a1e6fb0e5521ae769ba86e1e7e69ef37c874364e24cae2576838090ff00880df928d4ceb9b7820bb35cd7b1f0c8011de174e81cda83c276407c9364901c9adb11def02a07643163403ecaa8bdb56ea365c12c0a51e86ac94594cfc18cb9f24ea1a903ea9e57a9d4e57f577fc116cb040eca02d6b85b2595d31dbfbd61f40eba8034b7884e96baa97f126791b6e989fde282a37f0ea1ae513c0a897cd71071398f21dc28a40152cf14966cd67593fb3e291b78dcabe85d17d936f14f6595b7f4764e95cdf71fd17062148e7b798f8aa78a110b5d28b971b2ff00a823e1533da3bb76940dbd191b5964703e09adb53dfc4a1a273721e68205643bc89beab3d54731174ced07b36726f6b3bed6a14b252d474c1de23452523b5e1f3845b63aaecafe799ee3fa28ff00f5af547158719fb0d976eb8cb4d2170b6a162514149dd530c208dbd5750981185b2b7c1c9cd31bace1aa055d0283965e68959264ae6775c427d467df6b5c57638cabd807507f44d12f04c438763fe4a292663035bc2d3fc976c652419498f7dade53e699187375c7a7d91a5cd87bd369a67c61cd6c26fe4136095db322f805ead369932202f6bd827c5297b01e139cedb951a59bfb717c027c12462ef6c58fb82b59ee03a14d8f31aa9db8ca474f4b412340539a46e08563e07e0b177b2ef82d6db1f451cfead3894343ed7d0a1db76da8a0f8951f6d738b52443a778aaded23345808238f506e3c936af1b801c2fe0efd907c7ec3bf37ecb267b0efcdfb2222c6f677e659b3d877e6fd966cf61df9bf659b01ee1fccafadd44fd5560e7050b14552d6be9d85ad683adf54eed026c382db0bdaee277dd0ed4946b84773ba656b9a4d99bb83fbc770bfee325872b36b7bd15fffc400271001000202020103040301010000000000010011213141516171819110a1b1c1d1e1f0f130ffda0008010100013f2180675475c1704b4eec3af0fafd3fece7def821968dc45623b57d0fcffea002b416cbcac4c8b7e37328e60ae9cdb8e26fe7959830a92b361ab4ca394184a1d9966529d59ddab7040ad405bd9d7bcb5fc7d60a8b51e02daf1e9ffa8035596b71ea2281c2addb5e918fc2ed6df41173b0175fd7130be82ccd13853411dec685859ed1ddb2ec6a7fda4d76f57d7ff603255f43d22c9d1e5643d7667a2a37230062a390d5cdce57cb0a367aca548fb92fa5dae18d5bb2a726307849735f4863dd7d06b97d3384a6e06666fa0ad671296c4d28419a733017a3fdc0511c8d604dabf53d7a809b5f0fe280d7880f27f9945665e0d400a1f18845b98b772df7d259ac0bf694b86e09b25ece6102e5efee1c163b77bcb135019562cf12c86054fbcafe01d914d530963cdf530aa1517623f88c77e22e9ef8976ab2842dbad8ca226e4e118a02f860c8c9d92c37c443071b887e8b32c25591414ce873f4c114d097d594080abe7c98b4e139b8a80ed74bd3303d0c91fb460cb179bfdb825684b87574e8aea5b5a89914c4bb15981481277c41783c71311ba8e7ef3404aa9364cc244402d13286e05d8b4187d1041b0a187a49b9705ad5b96a5b71f1532f2470fea0fec819406dd50397f3f11dd8012aac41b704cabc2355dd78988d2519916b752c430ca3232ccec12a0d85d1286d8c6846da30eac01f02f330aaa35ee38eef5c4342aa47161bf7ba863774287943f88b70f077409ab7cc6d2b01831e57bc36a94dac08e77e351ae56ec558def8a653763c1ca0bcfcb32a151af0f084deed7e236ba4234def9b80f3720709cb8975c4a16f3c4ae4133712dbc8ce252f39610df0c5770303bb4ae2a326a296e60b8703b21b3f7f6830052b1037d8f30dd393cf245420286a4d5ff708900e98500aeacbef2b81a2e68667a567da6a54b6d64fbe1b8fb3551be8e67758245b4f8b9e3a2d42bddd7a444086a3984beb4cd7c7b5c23f2c328113bc47dd1e7d684c4bb4aafbc455c4b0eea0fa9c3e62039e0ccc2e5ca6a077dbaa875ad1676f79526f4e0f5963364b5a3ce09955d844df9b7de775ab0f12a5a05018fe25fa16ee9e636f9d8260f835f109b4de03df72cf7097cbb8b2ecc32e48ed6cb01b351da1baa3a9a62fe5306f103389848305a474e3d62b268d6b3ee9644e8547843dad32b68cb35115437f7fa96e6f16c59abd2762e20c26821a5d4cbe83352874aaef231d5941965c6bde7acbae51b6128da4716d815b990471cca60ba7d907b153ccab6ccf3984e6e848d6f52d22c825bd4ae728bd436a5d10fb0f55677138596a1ddc8e2029637288d1f11c7a4204b867530d6a699d7a5cd82af48d5132e49814df9ee201a294d4bcd2e1f701fcc455ac147fbb8610f5bf694122d8569892590639db00395e8bae3e83d4bb8a05ff00c85dd904a9816b71403117be1966388cb691eb32a2c8ed1562b54c20aa43c31705b0a2db84a1c22c549b6a56e50e3f08f497d0d3b72caaed083bd4143a9780f8864a0aca077dcb40a29ea3895bea1ebe250a651d649853e8945d461c4582511542d5c2cc37cb378c55a9f2a08d32915036c1cbb946e871e5ea5dace57d635a99176172de975c3b860600b78943e6d8e025ff00710ae827bae58cf6398b61110b138b931ab731c04e7cea514dee266245b292c510eef1f115f03bbf7b97aca11a8e32409165c5b334163b184e42543eff00f6297ad4ce1ec0a97b73f7a2601b7265fcb4a787da518660717cc5d8f8ef35f334d6daa8a04fea40315ba4e65c69e2fe4f98ae11419eae5cd4b18d72a80b1682ea16e00e7a4b01ee171db302056e32d1412f97007fa1a84d1814563da04de688075c83bfaf8822e546197dcc2f03e22a4c753375f8639552cb7da614e23d4637654c5e9369a9b0441b2f3ccbab7ecdd9fb9a651793a47beda946bd02f48e3ed291b03a3519654b96f999bdb36601e812ab79596f5844436d95588f79b4e2e9f581d1c294f62be0479b861dcb98b971a5eebdcac34102cc9c118493e7c7643971ee32d7000fea5d575d5712c25b7a7a92b04e4d87ee2a5aaf425040dde6e3852750c6e76b4acbe9582e5af3175784aaeaf1823d5746168f58f985b89e2f191b0230bf84797ca5962fc67a90cc1183923691e68dc5b3bb45383513377336789829dc41c621c9b813e6a030b7e65cc36a1e5ff266f4c47a43603598bb4b476ef11bbb8e62ea2897a8feba04f6d23b842e7352ed7c92c4c2ad1fd88dd64ecac31173340f57a542824357e4f88fe28d525aa0c13f197961a2721a54c07dd2a33415980b6461b8af0fa09f4c94030561dcdc559336e0ab7e61517648eae9fdcdae52f18d66a7783f3042f3a58440a40df45f88a623fe5477f441ed8217ba885fd4c1462b8ae61137edc4d70c53b0122a9b96c2641cc18c8d5df980066442d40abd567396cdcc71f82ba7de39d94ee2f557087dbef298e3a943a86ddcaa83c32c57ec12e42843b87d79fdd16657d6aa6119c3a84ddb00eb33225d5a6d8ee312a06fc496533a7acd6e9a98613328a4dc19a34a666b196336d8fa9baa0702c9946f7f91a81123c187e2581824ff004fb4fb97f24273782177e62446d63c171273a96e21e58b835e9cc3eb56cac12c9d2bd3fcc795a16aa5f572b7313b8d3119771c266bdc222119ca46a75ecb5ca0ec8dd2ff0032cdc0c60bdf71ad1dae962d602e15b4604bd330c69a997f1e2516d167ae9fa8ddc98692227d45af89cbabb889cf41ae4e3b85f0d207cce52d4aefa247c4b881406d08a64bc92f16eadd2c46e7837962521547a4b8b5ec1c6d89fb97ac09c98e51633f2659b99bab959b8a03f869cde384512864374859538ff0996770b18312f339feb06b5b5b8d84c93920f526cc06dbcbc38fe21b81c0a2a259bced893905a04b71e7a2a289612f1fb99857389bab28d5f3bc6f8e22b5a28ea7ffc4002710010100020202020202030101010000000111002131415161718191a1b1c1d1e1f010f130ffda0008010100013f10cb6a4ca290cdf58fccdc333d937e807fe0c6bfe1f58108ae8687e4c0802a60055c6247c841f69ff8501443619c9ffa703ffc802523002ab81c3a216423e10e64c2a552ca292c2946ab759cdb680be9c44e225b2808309b98a256c51a3b9f0d4c41f8d3b4440f4979ce02c460e5a2c9daba305e9dd9bfa02cf04f7c72fafa936c005f4f8ffd38670fff00134c9052189c3a74b96525101c0e0dd80143194d67d981dd7790db5c4ad31a89c8000a580778a565354103e8c7057685291e7d393e00e0f13053d60529d56bf267fc1ff7810080d909c4ff002ef11e4fce23c9f9c44e4c479323c988f2653c994f2653c994f394f394f26107f978f0fece13fece2ffcbcecfe6e688d5ed9c9b3de1a8ba7385a8e7207fae09897869c96dbc2517de220272dbf9c4e68394c321bd1706656954362bfef1ba10db5a97f19647ba241bd4d60686e1d49f1830d00914784f588aa02ea2663ea3398b3ff00bcc163d6220f064d3ac181e78c400f3c6412ecf58035e336b72e0efd658ebc07044de597bbb073da1eca74ea7b230670f6d10e5d93e132405954dd2f2e1c9329506db74c53612f780eee06895e1e4ab04b705bb6cf1c3afd9874b1a2b1f78e22d109cd9cbeb37adb91790f18435d2b1db888dad6f00c6837acd4e2d0d9d64823b29be8c74626b88651297ce6a0d872b83080b1f0ff0083fb714f7a3f9e58b3ef058166c27492dc0564e9dc34c8210e4da7a4d8e2fa255184d04073bd5d76cc6b822b03bd20856ffbda1541d34510af6571a3a2ea8d4c82604f88773bf3de1a80e8a87e164f5bca5e10e49d498d41a2068be3e32275078c164574c09fc2e1d3e1c981791f78e523cceb1593ae11c0d03680c94bb957c7bf97f44c33301b42057e2dc16a6b834761caf3bf38cda0121c9f385436f242e838a6c3a931265070478da32f244e684274bd6eb10cb76a4849c845205d3c4c8c906c082af94dbc6b00221767872ce1e6e1128912a8f9ca52f10241f217f8c2e2d2ace33ad9c3038e926304975ae8f3934dc788637940e5a3b93e8c3271869c67c207f287f78a8235975255843b783db944e9f236b9f665ac1f1c77409bba99ce03826a53380fb655e69825baae8e8725c0b70003ec16293845d0c8bffcfbde69519c93ac462dbc0d88748bce54883a386a223dd86235d801523947737c986051b080e0ea94a1382cfce24d68ff00c61844f622e0c64fddcd9a758aa3365b374dff0058f1a85aba2a3c200449871e4524ce569ab5c9be8e8d26ea10676a2a97023b7a5856be8b145df04d9ce4f5c9b8002e80ab3cfce06913bb92516e69f8f7925efca14878556b8df933472106e89431021d6f1a955eb0bfc87e06b0e094f6afa5851eb68a4d91648a20cfb86badf38a969d1b40b814b52f1c63d901d8e0bd01d8fe33722ead59c2cf53008b6a3c01c18230fa3185c5d91f41f0618590154a2f26b8df9de2f705f8c1c1ed324c33b00f7974c6c2ab9ef48a048cf4c5869f0a30e987848f25472a886e070b9da373c6fc654bb580ced202ff00175e1484b99869748071b7c89d7631513639f00e4e4902ed41b5ad437a62e15f6c110e06823675aef1beda090537cafa8e58c34ea4f3e0a0f961bf0aab441e0485f183bb503a5b3ebe8339713028f91c484140cf8c3fdc6c17957ac45b0f0b1a79cae06787463d349e7de33b40e0707fa706e29c5c4efefc98720e05d0f94379b83b0e7fac302ca452c9f0a7c984265850a38276f3c2382a528f5e2006f1efde33548eb9baa439dbeb78c9eb1f2e67cf7e707c518643d6ff00863958500464db76e0fcd482be6085f788cc2e112384deb571a56f6018f9725e79c9940c956bc73e1eee3ab1377c73bd9f39ba08e5ab7f3811d9f826341d60f2f6779b1a69b27e99a76bfcdc56971eb8c218ee71840730727c3c3e710f3e8d026bb7010d65d94aa2a6f54f4e1450826ad6b5e3e30e4b11cb8116fba9413e14fd328028be234758a27ca5b8f8a1dbddcb835743ddeb1f126bd8cd5fc39c44ec071adebc987cd6a6de87ac052770385f27d4cd62d241683134eb8591078c0512c79ef362c249c471c4a95a8628243b986b83e9fce541c06138ceba1bdaef074efc39c9552f37cf58303413de53ac753de3be098a73dfedcd404ce78f3fd600c239f38848166b8c22c31615143f96be31b6d6d0a094c2f9f265c681348be2e252e9bf4d33f19343b8fce20f9e7f59615d79498677cbb38c6a21e17c66820dedc4c15e8ff4e08b23e1e32841e9253f18cb656f99fef119146809f266f2db10483ac821610ef1206963badd438b870d9059d89bf693169abc0eeb7e4ac0582056af00f8ef8f785d20a503cebd9bfce2f3d0251a461b7b35da617a9433007e872ac9841c22091d767b3c7d19030b00fbc8f01d3190aafd65e361ab56fbcedebd6041edd19040e0358dadcf5955e26bc63afa04583ec7af8cb7d69a9d8c716800af019c601a3d65c7ba4c6ca004e67fdbc13600569d6bede3c38b68e7480233d3adea4c0829ed2dce9e8e97ef1eec41e94d1fc9ff00181289a8515d9e3618c26a256aa47241fd78cb49a523b9e1df130e7d5bcbc22ff872cecd20f098e22dab02ba15fd5c8336812a0eff003d66c676f23d4c096b086554141eb9c02ba3148b1e8b8d6c6953aefc5b92109d061a49d231eaa95f59c013e353cc30630506340eaf7dfef0291b84f747c7eccdbb141edd1fc628027941e03b7106bc818f5bde02a175084d56fde5ee8ae8cb8e13a7e70631e16f281f019eb406de4bfe704425df38c0204b0791d509fac2d177d152e0703a7b31c89abac968eae539e72b8eac13666e144600cef960824d955b24820f84f666c0b35de3933736a12bbf78264d12a35f38b4a38d43810341d141908de89b0e3d47f8ce76778acbff00869c7ef07674b964004c3e689f535d6006185c18ba3b0ba9d530670a6aaee9f688cd4a28f81922fb2bca5746e71bc9cfb01a8387c38da703245a7d013d932c228c9d0a6cdc9ef1e1b0504ceaed0c7acc6c83c59e4de3beb10840f959acb8212d01cbe3fbc66c5cab625f5934b020e800801d7fac5128a3f4e1e36803c883df04fac51c2187ad13cb74bc7385a5cd795760d9f530bab7708381f2e30b9681a26c1c1547e7e030a475281c14bfbe7ef360c5e1eb11c0886c557c61e4204084221dec89ef05402aa70bae3381b52787d38a80695976dcff00266d55c0d448bff7e319404cf64c041e88b7b580fac52a4214122a0799c4c5f3f490854f3c300597e90f4b398f178c213b05d5c0642406c006f06e4468b706def04bd1252373bb5e7acdaf760bc107ca73d603b6a1e7cf58c4ea82d426b88f5de40c9961bcf8f6acf461ea0580784de28f607b739b864690b8698cea293c074525f6191903c0c6051bb26e33f61f59ba315bddb97516a9620a273eae15a920e6dc25d32ef8e31e48283b2f0e7d5c18738ae4b911f3ef1b5980b470f5a1ebcfa812669a30ba95bf884c13b5fb6e3d519592279c58f362e98386c472084890a44e9f7b2e18a0765b50d13c73f9cb22899e7771a10a5921b17edf3c00628e9d8687fa3cfbef1bf84a0e8d8f41c668280dce1f1ef53f38e22ed3e8c07b372bc39a5ff69c2d7c8e2fc6421875089d0737bafa317aab2ca9ff006f02b607df730f1dcf9c5d4ec703367304140807903d65c4d9fd4c517655c5c0605c75d884bc53ac3ab6ff000c97facdeded7f3915727187b8e5f4524f915f9c590244df43f6ef05597bbc1a82bd739b6db22550a9fac3dc0c79a7a0c8733aba54fe8d4eef8ca00044403e3feeb052af1e47463ecf216835e097ce684c2602f2d76f5698bc184950f1f78aa602251aba9382baf78436aa811556aed97d606f5b49063bf387a0254f39028cdb1fda328abb0c406100758803c168bf25cbc200d68ffa65794374e6ee04ef6327d51c7ca4e03d3f397f2114d43abeaef07301c9f0513ddc152adf25bcb13422c6887cd3ec3270413fdce470da657272a23c43c9d3ace64d8bd2347e38c26f81217c0c53ef5f8c1c05c58cf4429f188a10428ca719cce3b26f79b10edc6fc5c157c51fde45de1721096581b43f77087b7f263ac36ffc7631f5c549da343175a7db9d4b46dc089f36f7238b00542b4d5b91bd504d273fbcb27b51bb9fc01fbc3af81fde10c34a9f190c384e09e209fe31c228286ade264a828855075518514ecebbc875077d8278f0e0089a2f1788bfe715214b4fef1ef1482afb358ea267d4bfbcaace7157be2dfd61cbe2254a081f79081605e6a1a1f5ce531893767afd600dae6b107226b1fb0f8bde6cda63aaef28a6e27c04fe6e6b26c43e70e31fb5eb36310d473a207f38577881e719fc17c61f790fe302ec8c77910081c5e72e0751065fa74e308fc229f7c9f531aad35c5fb73f4b8e8d5444898d7c5ff8c237ee6d02e34efc1ef23207d20e19ceb8dc43312f0390774f5d1d99cf18fa1c3d0778bbb675ac6a0c1e97d7f962570e9e13c9e4c149863bd298a3d8c053b6208db961c63ee56f9c7d2e59f4434fc71840a20db3e9cd0fac80f72f18aab25dfcc75f4f1956b9c80e4ebc1b86062b22fa2cd3ce5bad9424c0cdfc088796e24ee865a28dbd1fd8cdb62363b4129bdbfc9e706dcb876e6a83af79a1148d2f25acc047e126062b5c231f7b3354bfaa6890005a94e23bc6e74ddb820fe308d7d0bbfe70efcd07c9ff00dc99c171d37c99a52e2687ca18803258e3f84f19241c891b703ad7de42b63a7738bad7de0e10a022457899a5c7713ae86e8a6f858a13aa00a908dd6b34801a24822bbdb297dbe71d826fb902692ff186c6910caa6e9d9786eddedce11f5271ba1a853e70feacac312cfe38f091e94e1604c3413af8c3b5a0378a34b0b3ecc9dd7b78dad70f674e12f74bf4ff00bc61475ebd608034bce4bc5d510161f0ef280587e002514d0f1d60da3df8401f0d0a72603434812437b0f4fd65ade8e3d95000a188a561701476d0561e379fffc40034110002020103020404040407000000000001020011030412213151101341b105226171203291a14281c1e11415345273d1f0ffda0008010201013f00cb906342e7d261ccb9977a748194f00c2c07530788fc1aeca8985958f241a9f0e650196c5937fb08b8ce655654503837ebd7ed0aa79aece070075f4eb1722be6472dde85f4e3dcff006efe23f06a348b9ecdd1aa9a7d27944331b3edf6febde796bb76571130a630428ab9e4a13654788fc1b9bbcdcdde6e6ef373779b8f79b9bbc0cdde335ecdbe839fbf59a9602b6f118985987af88f14009a8b8989a1171798014f41d26a319da3da229b0c791336235b8faf88f02284c42db89a55f9ea1c8a8f6bc1fda6e0d687accc9c02231375e225c66a4e22920d8984295047599016e262ca18853d7bfb421994ab7a47147987c00850850dde75598577122050147da1363a443b5eccca413b81bb13523e68cb2a0872838bcbafacba131b15e44c9a870d400e279ee4540e5b9316bcbbec7de6a9b73408185cc3a6391a84cb8abef08e62adc341b68eff00fbda3b0dec7efec2122ea6317c447e0afda6a9363cd12eef9662c4310ddeb1f16373cfafa4cfa774ea037d4ddff789a5156dd67948a0d098f0ee1d07f38f8c298c003c098880799a8c8323589a46d8e265dd56b08c8183099773302dd2e17b6207a4e4c2470a6664d876c637319e61146a63e0c4ccc27f88a1c4cf98b2fe9ef31b75fa9960c5cbbb25199058b3e91faf1070d1c10c6e2748a4910f132bf142163b6c75e6693215c8118f5991fcb6e3bcca484e613678993e53198b1b30315131e4b85c7a4c9d2a6424015de601bb30332fce66737894fda27e6998d73e0fd2611648991d718b3036e00cca6de69c15c97f4849b994de304453c18ed62e13700de28c0025d4c8778db146d15179624c662bc884c2c1b195f5103d0aef3230e83c05ed976b361f4995a8448b64427d669dc1cb6c7831b89d4caa9bcd5403e48cdbb93329dc6633319e2a6434262c618d4c8a544be6c4bb83ac0c76912b88ea6e20823731783c4c9cad9820e91402798cbc5887911858a8c2942c35750f336c637e022820f31ba4065d88c79a309b3042b7d232f1089d265d4e2c74323053f5207bc4d5e073b51c127ea3c07684db5c3d62c0d08a8cb089f17d2e1cfa86394f2b8c903f5e7f94d16874f8869f262fce0aee3df70635fcabc47151c51b8a6069b88960f0632d4f89ff00ad6ff89ffacd021d2ae970d72edbcfe8428fd39f03d230a351b9107101972e07a153e2da4d664d40cba6504142a6cf7334b8be265b0e2ce8a1108e879e011de791a44fce9ef0e1d0835b7de1c5a2fe24abfbff00dcd7e3c202b61140dc23f05cb9713e2f91790a3f78bf17ca7f847ef3fce32ffb47ef353ac7d51058015da1fcb0cb9d65cfffc4002e1100020102060102050305000000000000000102031104101221314151132022326171b18191a1143473e1f0ffda0008010301013f008475c945765483a6f4c8d2fc166cac4c993f661a129544d2e0c5a774edb7fb6397a6dc5c9bfc7e4bcb44631eee55838d29c52f1f9264c9fb295774f6e57255afad596c8d4efabb255252ddb2ad49a564c9a264fd8a2bc1a5782cbc1a57834af0698f83447c14e9abbbaef61538aebf83447c1a23e10bdb2761d4495d9ea284ad2ed8a4a5276197eb366e27b957e52bb72a4da141ca3696ebf921749496f9acd16dee4b744d3e1917634e9bb5c12d364e3ee5c137644dee2d87ba296f1d2213cb934fc5716c3dc8c135762825b96b14fe6b7d339d550576424490ce88c6d1485c0ca4be216e54272f53e066b9c57d8a5353e362551235ca4c6fea5fa10b9ca6ae884629dd9f038b83209455a3c934b6364852e6c41eb49e4b9c98e286b729daf6251e3ec23d3496a5df246c9edde4b3932f729477bb1a49eff42ac53578ae08537562d78283d562d764e3a5e7242890e48a4f67c138e9a57211d2db28ad326bee52839cd246321651c90f812727645ad73e5893a8a54d45095d3b905693308d4657662a4aa2bffdde57b0ce372e9951ec439b32286ed2212b2b79312f7d11e8b0d64daeca71bb263d84ec545b7d45c22ee0b5a252d6eecb1d8958a6ac541aec4f727229da5249f055c2ca9d34dbe7af04a1a465b71f2425b13792198657a891887a95995d5ad6c9316c45ee4776e42e045cc1c6f32b3f88aaef61b5d08684acc5c0b8c94accc1d4b54b32a4ef227d10a5527bc62dfe83a1522af28b4bed9312b2b0b8192894ea38cbc321575bb92e8c0d7a94a9250e1cd26ff6dbf531389ab3756153e569dbe9a5a593ca2c6347a71972460e0ee8524cc1ff006ebfc91315255a55ea5f68ad2bf757ce2f613b3ced94a0afb181af87852d159b5f127fb15e7834a73a526e524ff97f63d5ad2f965f83d4c4737fc0a75fa661a5377551fb5f39bc0c5f6c78182ed9fd0c3cb28d08d14f4be4ef3526b2ffd9, NULL);
INSERT INTO `product` (`id`, `type`, `price`, `game`, `console`, `image`, `seller_id`) VALUES
(11, 'rogue lite', 20, 'Hades', 'PC', 0xffd8ffe000104a46494600010100000100010000ffe100624578696600004d4d002a000000080005011200030000000100010000011a0005000000010000004a011b000500000001000000520128000300000001000100000213000300000001000100000000000000000001000000010000000100000001ffdb00430006040506050406060506070706080a100a0a09090a140e0f0c1017141818171416161a1d251f1a1b231c1616202c20232627292a29191f2d302d283025282928ffdb0043010707070a080a130a0a13281a161a2828282828282828282828282828282828282828282828282828282828282828282828282828282828282828282828282828ffc000110800d8008503011100021101031101ffc4001c0000010403010000000000000000000000050004060701020308ffc40043100002010303020305040609030403000001020304051100122106311341510722617181143291a115234252b1c10816336272b2d1e1f034377417243544829293ffc4001c0100020301010101000000000000000000020300010405060708ffc400391100020201030203050604050500000000000102110312213104410551610613227191143281a1c1d142b1e1f0151623333552536272c2ffda000c03010002110311003f00acf5e75b3f411358fa2b16e925aaaca88ea5699ea0a2513342acb099844d36400e5307001c674d5876b6ff002f4be4e03f18d5934c209c6d2fbc94b7969d4a34dd5f7b5611ebaf65b59d2fd3f15dd6be3ada56282402331b47bbb1ee7233c7d468f2f4b2c71d7768cde15ed2e2f10ea1f4ce0e32deb7bba17b01ff00b8b4bff8f37f9343d37fb8bf10bdacff008d97ce3fccf4f6ba27ca85a8416a105a8416a105a8416a105a8416a105a8416a105a8416a10f0dfaeb8ef867decb3ab6b6b3fac95f48279ff46cb6892a638b71f0989b7edf100ec7b119f86b4b6f5b57b57ff2793c58717d9a1974ad6b228b7dff00ddbafe84ff00daec37187d9fdde4afaf866a0a87a414102c415a1c637027f6b38cfd3cbb6b5752a4b13d4f6da8f3bececb0cfc471ac506a494f53bb4fcb6ec56fec07fee352ffe3cdfe43ac7d37fb8bf13d4fb59ff001b2f9c7f99e9fd744f948b5082d4210bbb75d259bad29ec973a65482ab6882a52407de3c61d7cb93a6ac5aa3a9175b133041190411a514675082d420b5082d420b5082d420b5082d421e30e9fb70b9d6b53e18b98dd902b852580e073dfe439f4d72231d4e8fb7759d43e9f1ebf55f4fefbbd897c54b77a1b3c34ed577482d1346dbe3fb5a8431924bed5f431e491ea7e3a7d4e31ab74715e4e9b36673d117913e74bbbed6ff00f6efe46976a0b9dd0c34b75b8575c2687722426ad64194661214078c61481e7b87a6aa5194b693b2fa7cf83a7bc9821182756f4b5ca557eb6efcabd47dec5698d1fb55fb310cbe0a54c786209185239c7cb57d3aacb5f315ed2e4f7be13ef3cf4bfccb6ba97daa74b74fde3f45d65787ac462932c432213c70c7b679edf3f91eac714a4acf971378258e78639a170f148a1d1876604641d28b34ac95a9e9269a389a67442c234eec7d06a256c853b71e88bf75cde8dd2f023b62ac3b6201794fdd1ea4f3924eb5ac90c4a96e15d16f5a68d6df6ca4a24779169e25883bf76da3193f1e3595bb7608eb54416a105a8416a10435082d42c4350a16a10f15744ad5dfba928ad7646962ada962ab2862a1140259988e40006b3cbc3f2416ab5f99f489fb5fd0645a678a4d7aa5fb969b7b18ea86408d79a12a06d0a6697006318fbbe800d27ecd3f3057b5be1e9dac52fa47f733ff00a37d5461688dee88c4cc5d90cd2ed2c78248dbdcfaea7d967c594bdadf0e4f57ba77c711fdc31d1dd037ce8cbf1ea0b8c897558229018288bc93c859703686001fc74cc3d3ca33b6ce5f8c7b43d2f5dd1be9f0c1c5b69f0ab67e8cf37f5ad1cf47d4b7013c17383c695a502e5078539dc49258762724f2383f96bb917b1e3d1e85e9efe90363a7b1db23b9dbeb3ed494e8951f644431ab018f7416071c67e19c6b2be9db7b32a9923b4fb77e87af916396baae80b1c03574acabf565dc07d742fa79a2ac975b3aa29ae1d446dd0287a7969fc7a5ab460c93e3ef0523be01041191dfb11a178da8d93d42f7692ba2a5dd6c8229e70c3dc95f6823cf9f5d02aee58e6999a4823792331bb282c87ba9f4d5321bea10ce31df5086350872a9944303c84e3038cfaf96ae11d4e8a935156cd28eaa3a9890a38662a09c6ae7171648cad58e34258b508563d07ec9ff00a973cd5169bf4df689942bb3d142c08ce48c9f782fc011a74f36ad9a2acb2695675840aa923965fde8d0a03f424ff1d259601f68b7a97a7ba22f174a6655a8a78331161901cb055cfd4e8f1c7549264290eb6fe903546d14747d2d0ac7727a74359592a656190afbcb1a9e0907f68f1e80f7d688f4eaf7257628fbadcae37bac6acbcd7d5575537792a242e7e433d87c071ad318a5c1690d44408e31a2a2e846318d4a269243d1dd5b7ce959d65b3d416a74904af4d28df0b107b95fd93fde520fc74b9c14b92a8f507b32f6bf66eb39528278cdb2f44714b2bee49bd7c37f33fdd383f3d63c985c37ec0f1c9660e700692594c7557b47b84b7e5feaccef052d1ac91ca93c40accfb88c907b018e39cfaeb7e3e8d69bc8e85b9a8ed56cb0bd9ba4b1f475b63a8a96a9a8d85d9d9f7b7bcc5b07e40e31ac9974ea7a380edbdd9262a40e548fa6965d9ca7852789a3906e461823569b5ba2aaf9310c3153a0589151471c6a36df25a4970741aa20b50820350867508521fd287ac12d9d370f4ed34a0d65cbde9d1704ac03d720e37376ec7dd3ad1d3c2dea6523cb8bdbb0d6c4121cc437ae0633a241a3ae18a05639238070063528b48d84791cf7d105a4de39becf13a886362feeb3302495f4c68182d3433495e075923668e542195d4e19483c107c883a16097dc3fd2245274953472d04955d4a2208ece02c05f38de7073c8c1c0c727d358de34dedc15a6b929aeabebcbf5feae6a9badc27f125182909f0e303d36ae07e39d4d2865a82e08ed354b83ba1a99227ce7dc72a753745aa97724163ea4ba5baa83c779bbc0e1836fa7ac7c8c77e09c1cfc756bd4b7154d2e4b77a4fdbf5da8ea123bfd24772a0e01923216a507a9c00ac7e83e7a09462f8056175cee5d553d414dd4bd37475bd3d2bd551543fbef1a90cbb467691e472002347d3e98c9b99973466a351e4925a23962b5d22549cceb1287ff1639d266d3936b80d6cb71de84b33ab202fa9eef1587a7ee1749c23252c2d2ec6936072070bbbc89eda9156e8895ec8f1a5f64a9eaeea7acbb56ac9f68ae90ca55ce7c143f7107c157035a1cf42a5d8df8702695a34eabe9786df474d2d0ab82c36b127219b3fe9abe9f239b6993a9c11824e288bc21e338718f43e475ad5ae4c7163a43bbbe890c475038cf7f8eac2347fbbdb8d0b203673872348cb2ec2bb8da38cbc85876078f89d20895b3b253196a02e3773b547a9d5c5393a4149a8a727d86ef46db5e523003607c39ff6d5f7a0542e3a98ee82378980071e783c823d7432dd0fc69c492d1dbc5c99e172b1ce90b4a9eee7c4c79291e7a2c186591b4bcafe62faaea638146525cba6fcbd4dba73aa2fdd1b70335a2be5a662478919f791f1fbc8786f9f7d0b853a92a61c9a9c6d6e8f5ef40f5257753dba1af968e0868de107c456604cbfb4aaa7ba8f3638e78c1efa54e2a3c33146f7b1eddfa9a92df54d4fb0cb2270e036369c038fcf4fc3d264c91d51d84e4eab1e27a65c8dfadeeb76b1d0bdc2860a4a8a388666470c1d3fbd907b7f0d2b1c63274cd288af5153d6f5d7b366aba78a9925aa48dd44533485704ee43b80c7bc141c6aa4b44a866396996e509d31e1fe9234f34a56a9c102164c1c83ce0ff2d0e44d2bad8ebe171ba6f70bdcaad29679692ed718a285ce046f4c081f5cf7f8e831df305b8dc8a2954decc0b70e9c58e2153452535640dc9619da47c47f3d753a7ea2399e892a91c7eaba67896b8f000bada25a2dd2a84688fbdfabce31f0cf3c76d689c34ee65c796dd0ca06f123edef77c6969d9ae2ecd67f741c68594c652146a6f0d50f88cf9c9fc38f86b34dab154f519822c3f1c8419fae96c74550ee9714b3c4f8cba7bf9c763a284dc5ea4565c4b24743e07b224352d4d1a44a9120f7b1e679c93f1ceaf2e4be0be9b038bf89dd9c69e11f66085712464e0fa8d25f368d2a3b5196c491edc9460786071ab8b71e08f1a9adc6332caca629416653c1f3d32dbddb14e1d8bfbfa31756cc62afb2559cd2c46378c93fd9163b3f02768f81f9e95923dccf912e5172defa3ed778ac35351e2c5291ef18db1bbe27450cf962aa2f61149f29324040604300411820f9e9010c9e90535bcd25ae0861520aa80b848f3dce3cfe5e7a96df245ea51d43d2b147d7f763123352d0d41547639dc768ce7d4e7bfc7419723ad27670aff4d4e5cbe065d6dd2f4b5970a6a875cc8ac493feda0c59a58ee87bc71cd1d3343b8fa72852d359353d385a8951893d86ef5c0e068f16792c8a4c566c6941c17056554c92d198092482cbf3038cfe191af4997789e6e1f788b4b4d25255986566deb8ee73918e35831cb51d1d2e0e8ecd0ef5e068e41a560e822dd7040f908b9271e9ac40d6fb131b7f4fdb6a2e15108adf0699115bc77c104e3247969908466eaccf3cf93147569b6c09554b0c5729169e75a9895bdd954101fd3be933f8764ecdf89b9c54a4a9f90e7a66d3557892414abef20ce4900024f1c9ede7a0c9350e4d1831b9ee895b592a669c13678a20f859a3156aadb871e220f2fcc1d235a4bef1abdd4a4feeff007e63fadf6690d242f5935586888cf0bb1bea7b1f9e354ba86f640ac11b7657571a4862a790c7708e5a952088e25f742ff88fdef98e38d6b8b7dd6c649c553a95bf4243eca2ecd41749e2a7dab515d19a6965906408ced3c0f50ca083f1f869b186b7a4e775397ddc1cfc9a3d8315c2152d1c927be80024f193a42836ac46b4db5e43b1a5860ebd5cff0047d14d2a8c88d4b336400a07992781f5fc0ea0508ea7452dd3bd59e3964a6a40d1cb2c8c5d9c876f7bef7c4723bf3acb960e2dd9e8e18e338a77541a9e26ab62d20f3e0694995b440dd4f57f61b63c224119752324738f96ba5e1d8165c97cd1cfebf3b863f9952447c18c3d492eeeecc38c120b704fa7aebb1d464508d1c8e9f13c92bec2aea7fd25134d18fd62c9ee1fde18c7f1d72a137067632414d6c72b4529a860bb4fa69f3ca92b158a2dba1acf679e2fb4d418cac48db0e7be0e79f971a5c71ca58fde2e04cb2c639bddbe45e092888c380bb88f89d2756c688c3738d30ee40e50e08f91d46838bb251d056da9b9c170b6dbeb7ec5525849bc0fbcbdb19f2f9fc74accd26a4d59a30b6a0e29d128a7f6773d08a379e7095304ed2b4f92ed2a91c230e3f1efa5cfa8524d241e1c528cb539d86faaa279ba725a69b322a61de3ce0ba8ee349c52d32b34658a94595a7565a29a1b2c5252493345105110948ca2e58edfc589d6dc7965297c461c9821087c045ecb7216cb850d6dbe12f2d280f2789ef6581ef8f419c7e04eb54bff00139a96ab53e0f63f425fad7d6bd3d05d129e359586d95327dd7f31c7c748539476467c9874ba7b919f6055375b8f4bd5dc2f35324ff68a82227724960a39627e671f4d5f514a548268dbdb55c52a2d7074ed01925b8d548acd0429bbf57cf7c7af90d262e8d7d263dde49708ae286d575b4dc9689a68a9aaa15fd621025640dc80d838cfc076ce9399aee76fa4947241b44ba6acb8c346de046950e07bd2c698c7c94b727eb81a5638e36fe362736a5f711585c2e66b6692aaa99d9013ef48460e3e0383f4d7a6c0a3831edb1e7333966c95c806a21fd22d29766490e0428064771f7be99d609e75293933a10e9a518282e4396ba1689032a9f0e3c007cb8ff7d6394ed9a946898fb3de8892ebd41032211407f5b2b79000f6f99d2d49e5f8054b2c7045cbbf6047b48b6cb4177bb5344192312ba6d03194dfb87d3075abde28fc313263c2e69649ee44a6a622259906ef74023484f7a67434ed6817347e1b1950654f0c3d34ce5501c3b410e95b8bd05f20649561919804918e149cf66f81fc881aa96caeac8e2e69c13a6f867a16d3511dce9c978cc357171340dde33e5f307b82383ac334bb703e1292552e4057289a1bb4f3d753c92d1e02ed8c8002e3924773cfa6968db169c293dcab3da4cf125a29929788e498000f928cf1fc35b7a75bbb31f54ea29206fb26e8dadea95ba4b6d900ada288c912bf0b312706263e591bb9f23ad33954a8e6a928c137e64d6c36bbc44b50fd2f708ecf58cc12e54358ed16c99780eb807861c91e441c6411aa4d3e426f4ecd5aec7a0ac56a8acd6f828696599e9615091aca412a0790200d25cb53b6632335b76e9fe9292bae35b28aabbd43979040a2498e4e02a8fd9503039c76f3d5c63a9d0e6b2648d24e9104b4dc2baf17cfb6d45bf652ceedf628635c9655fbe718cb1c9cb31f3e34beaa2a9286e74fa27a232591d3dbfa7c821d4465a888d353a4b046e0ac83c06ce3d359714941ea71b68d4f13c8ab524bf02af7b4c972aa90c79f015b6a6f3cb8f5c790f3c7cb5b7275526be2178ba3863de24aadbd1d144b1b39dcd8c007d3d4eb23ccd852d2896c1d351cd4069e9d7690060e3522db7665c992b6275d0d649ed2015c78646197b77d6bc306a7ace5e79a6b48cfda774ba5ca9deb2145f180f7c7ef0c63fd347971ff00122fa6ea34fc0ca02e5422959e9db2aad919f43eba46abdceac6b8f322ae92a541867c2cc38593c9c7c74f4d55a154d3a610b2cf4b4d56ab251a89f6346de2b7ba770c67183838ceb5e2cb8a1fea55f66bf530f59d265ea71fba8cf4ee9a7f2ec593d1d5978a55a7a3bcdb669a9e2ffa6ada73b9e35fdd246495ff00846b9395e36dbc6ff03ab18644ab2adfcc91753cb7178f640699508ce3c26727ebc6b3a6af73661842aca2bda048ef5b0d1390658230cfb7f79db3fc00d747a7551d461eada73d2bb16f7f475aaac69ae52dc60c34cff651384dbb9a25070dfde209393df69f4d1e69ea69f73972c7a62d2e0b16f1596696e93a5d6ce66a9880512150372738e7233e7eb8d48e3735684ebd3de875d45d47fa02be87edb4cdfa2ea329255ae4881f3c6e1e846831e3f789d3dc20d3c505652bec2a5264204b1e33823bab7d783a5f0452680b7ab4d5c14d4a9d2f1c14b53bd2269d88fd540bfb2010723e03cf9efa3838a7f1125394b9617b3adc968cadda68a4981237443031e473feda9271bf840a20bd7d474b1d65b16d74cb2cd14463648173b50636ee6ec077ee759b32b5675fc3f2b4a6a60ba6a7a82478f32c3fdd8c65bffd8ff21acf690f936c94d869210c0b6f73eaee4ff3d371cf73165b27d42a8b080b81aeae36a8e5e4bb1560492178880c594fbbeba99382a1b3b3cf5ed16d060b8d4c4f19550dc1f87a8d7362ea752747721f1e2b8ab2be9ecf53551ce94c44cf160a6e1827fe7fcedad39278e13f85ec4e9e19b263bcaaa5fdf3fdee1a4e8b96e3668f7e12b57051fb1c1fd93ff3b8d6759f4cb6e0d6f12942a5c93ce99125aed9491cca770450ebb8fbac3bf7edacd376db439454a344c6a2391edd2c86df52c5232fb44249200ce07a9d128c9ed461738465f7d7d48fc3d0b6cbbff57ba8296929cd5c5244f291ef4755113c961fbc01f3e4118f2d6d8bd2b49cfcb99ca52f5271d3f6aa0b43dc69e8d86e9ab1eb64438cab4983c7c3d354dd886dbe42ad1c6e72e8ac7d4a83a96ca38d5411d5d2cd4f30063950a30201e0fc0f1a152a768ba235d3162baf4c3250d1552dc6cdc90b52c1268493c852061879e38fa69f3c91c9bbd983541f96b5e52e94c76229dbe260124f9ed1e9f13a5a88c505cb04cf4db8ff00efaa26a942782ed8dbf41818fa68a86c5a5f750fa9d5215c2602fc342e246ef936610b9f7d55bfc401d034bb949bec6608e951f22341f218d2dc62bb04dc9a0b53d5c68b84034f8654b833cb1b7c919ea9ea5a3800304c5a756da4c67ee9f9f6cfc34d8f5908ed2565c3a4c92dd6df323f73eacb6d6db2486ba0596abc3c07750403eb91ac99271936e28db83a79c1a6e5b158c4b4b0d5f8d0481319185ce08d2b4c9adcea29c16f64a6df7aa68e02658ea0e3f6961620ea7ba62a535d82760ada0ba5f6963353188b7ee6121d9db9c73ebc0d5c71b4f7072e6d38a4e3c962dbeff6cb855bd3d1d624b32f385079f3241c738d6b9639c55b470534f81bd1dda905f65b453c2108432875236b367df007c3239f5ceae58a51829bee2e39a339bc6b9430ea7b2cf35e6d77db665ab685b6c9086dbe3c27ef2e7d464919e0f6d54251a7190ddfb7049461802338f88c69611c8368021b5d2a7c0a5f74e1e4611a9f4ce727f00745156cb82b630a59556140300018c7a6b4209ab14d3290430cf1db5648c58c9ab767bbe9c6740d8d504c1d2dd88982ab0c1e7767b693290f8e2476a7b93b7df9230ba4b904f1aec06ea8ea3922f0a8296708d302d2ba9c305ed81e99f5f4d2dbda90cc5857de680b5012411c6b82883803cb522a836af766f051788ac5416007cf1a62028c476d44903385dbe671ab4c3a3bdcaa69edf464cc700f6423bffcf4d44dbd917a3bb23f25cab5ff00e9d228d7bed74238f968f4aeec252f24493a23a89add2caa6352ae46f8db00e3bfbaddc7c8f1a194e51d9ee85e4e8e19adc769168d1d3d22b35553c31ac95003b4817de60791cff2d31c9be4e369d2da1c13a8435dda810d564d0908df56dc04571b5d3e7bf89337c800a3f89d331a1b8a3b36714bcc1fa1aba641b9e2a98a3ce3b6e07fd35a170cad2f5a414b1d7cb3dbe07a6c1aa78eafc3c1032ca171dfe27451e36f503245293be360451dcaf120bd8aea615572a48e0f0e268966da19f9c05ce78e74bd52def76873863f874ba4efd0090c35b78b9560abc51490a09248c425081e8a9c738e71e7acee2e6ddec6c4e38609c77bfef936b2d4c694f7b92dd24370aba6863960dd16f1e196f7db61ee40201ef8e743054a4e3bb5c05995b829fc29b77fa6e6bd3dd58f5b72bcfd802434315ba6a98e1685184732a82594e09dbbb24027cf4cc79376a2a957e62b374ca318eb76ed2bb7c1dad57b92aed1475525b69ee9535f736a6973000c54227dd200db8ce73a906dc536aed83971a84dc549a495adfd5847a45a9a9ab2ff0048183c33559b5c0e0e4658487bff00f88d1628a8b92f3d80ea24e5184bba5a9fe405b0d1435bd0d3ce1221798e699a26e7df5882974efdf0491f2d2e18d4b17a9a72e5943a84bf8697e77474b6411c969b6dea68a9cd5416da9a9c30dcaf289b646c7c885ce7e834708a8c549797ea2f24a529cb1decda5f855b33d3771b8dd2f36ea5ba54c57080ce8ccd346ace0f3900f929f3183e5db558e6e724a5b859b14714252c7b6dd8d2f75570f1809ede6dc017552b4421f107cf1cf91d04dcfbaafc06608e37c4aff1b277d37744b85b627046f030c3d0f9fe7fcb548e767c7a24c285f5051aefd5a203c49f1d5510acfaa2ea27eabaa2adeed322d383f11cb7e671f4d3e0aa269c51f847f4024afe92baad3432d438ab80ec8232cdd9b9c0d3798ba29b51c8adf663eb3cd15374fbd3cca94f531d35c0bc327baeb944c654f233f2e7517ddaf9952de76b8b891de939ab2aac1d5096a350d59e1d36c14c0eff00ed4e70179ed9d2e117a6546acd286b86be37fe40ba6ba8b6555c69ba824b8c35922c2198ab78c8c1d58373cf0003fc342a2d37a829ce2d278d2a57f2310cb5776bc5d2b3a75ea457d052c53c6d4d0947ac906d595913823925b04723cb9d12c76f52e45bcca3150c8b67f92ec1f96110f51dea5969853d54fd30f5157085da239da305c6df23d891f1d168ddbf412b2dc22bb296df218f48f51cd65e93b254d3c8d1d2b5f248ea54360491f869907e849d542e115f30f328e5c924d6fa760b9b8d3f482456c58a86aa78aed2d448932ee68114a88dc608da4a6483ceaebddecbccaa7d4b736dad92fdce55f7186c5052575bbc39608ba82aa48cab64488c8a4807e2a48d03f8375e6c382f79709f2e297e249ae715b287f46db55923a0b85154450cdd963592412267d06700eae4946a3d9a62f1ca73d592b78b5f92a677b1cb516a1456fb94d0b3c953045490a3239550c4b37bbc818e39d5e3d51f864fc80cfa32373c6bb3be4895d0dde39b1738ab911e46110a80d83cf967e1acf3525f78d985e3fe0afc0e9d1f593d0dd9e03fd9cdca8fef8f2fa8fe0354985d46352458cb38650c3b1d12392d53a62f1b1e7ab2c8fddeaa686d7592d29513a44cc9bbb640d525b92093924ca8c406288bc7960fef6ece739f3d683a142a3b95751b38a4aca8a70fcb08e464ddf3c1d55b29c13e51aafdaee75ae373c956eace5e462ecc147724f9f90efdc6892b05cd634319e1aab652354ad5fd9d2589652cb2ba9607951803e3f2c83ce8d404cb327b0ceaadb7496adccc53ed07637eba43b9f72e7b91e401ce7d3033a2d02fdf2ec621a5afa2a9a0657482a2a8b182559194aed241391dbb67e4468940179531b56505dbc56964a9c19a496332b4e46f2832d963dc6371f8856f4e69c0259503a964a89e963125d923a56f12658dcb3a8551879318c7963d4fa687407ef771ddc2498cb3c770ab9269a28c4cec4827687d8307249391c7c355a0b8e55c2246294253ad14b513787049855926764f15941242a8c6718c9fc33a5ca0d8c8658f35b857ec5729a38a05ac2d153abc28923bb05da5b2a991c0f71bbe8258d8d8668add2e4e90d3cf4f558ad291cc092ad1c9c90090181fa1d07bba1d1caa68294d378d202f532caa9d83b97c7e3aa69be48a9708764ca66f129c042843073ea342a1416a4d6e4d2db59e3532c848f7c0618f8ffbe757c1cccf1a91d25aa08d81cea58108da21bd77706a7e9e9a38cfeb6a88817ebf7bf20747156c2c11b9af42094eb2431e031c79af969a8dace534ad927690744900dd026baaa52a594ba379ed2479e7f903a38c444e5e645eaaf3570c932452b0620a962ec739c71dfd00fc069d14ccd266b4d5d789e39521ab9b6b6090a76af72724fcf3f8e8b481a8ee65a8431b4d706f190ee511e5d83631907b038c0efaba25a065554c9348caa6ae590f7df3019efe43fc47f13eba1a258de03728484a592a208d1f7aaa6e186c7de1cf071e7a9a49613a5abba52ecdb532b47b1b1e233a850c72c4f3e7dc81df55a424c94592a6ff00251cd2b4cb342d8550b239c81d8681a0e320fd8ef12a8dd5152f13c80860b9201c92460e3274b7163a33477b8cf4d5db1e1aaf1a4efe2313eef7ca8cf6e727eba5b88f8cbc831628e386201002079796ab491b6c27535ab146ecf85503b9d4a4146cefd3b778ab29144320611ae0e3fc4da5e415955057ed43f689274a168a8ef578aea9a9415352d28a70704a00371ee4003e1ad6a1486c74c1ec3386ff003216de11860e303041f2d128b23c88c8ea1a77402a15c4c7838191df8d1a406a1a55d7412f0b305278dabef30d1a1322257b9e386a498600ecfef6f9b93f8761a64444983cbd557c5e1bbc85010408831031f218d1720059a09529437875438ee5420fcceac83248b63efa8214633c48188fa291a12d07edb556383689eaa45908ce12056e7ea4ea161882f3061528d6b2a8a9e0240a4ff971abb2054d5dc7ececb358ab208e41b439d8bebf2d0309323576bf4ea860a23b02121fc53ef2fc883c8f4d0d04a6696fbc5422033899dbf782920fcf3aa68746449ac9d513b4cb1c74f12827969580e3b9fae34b711a9807acba8e79e5907da0b20395547ca81f0c7c3cfe3aa58f71ab224839ec6ae2f3c7708dd89daaa467fc474acd1a15925a922c57a8e7beb3d0145355b5888d2e1f2339c91df5d451172901e3a992a199961017cdce719d1e815ae8e151554bbb0d2027d1493f9e81c4253184f5308c490ababfa823f8e84b6c1b5b5b3c8146f6c8e41f3d121326708aa2adfef3caff00027fd746ac5b6108a3b9d442c638d996350fd812149fbddbb68b7050a2b5dca45c860a9e649c01f538d4a65a617b6da8452289e55773dc46acec7f96ab484993fa1b7ad96cb515f7082b501a7dd03249e12ef278538ce1bcc03df23c8e82adf215d006eded0aaaa29d69bec90b44b8059d99c9c7ae78d12824539b23bfd71977914f474caa0fbcc89b41d46fc891632adea2acaf5746da887e24e846a60fa499c4e72e4827ebab488a5b852a04622001058faf3ab5119ae89e7b1c78c54dd635277f868c3e2371c9fc71acbd4c69263212d5b163b673ac9434a52e1495514e6034d378c46768424918ce47d35d48b4639b23b5b58f26c0663b1380a3231f4d32c570368e069cf0dc671c9d012e89ad8ba46beb2c5254a5019a98c8a3c75e590f62179e73c0c63d7e3a1a05c894b7b34921b353c4cb23ced23b344f09568c01dcb7af6f77b1c8d12d85b990c3d393ad6bc1153edc37b99cfe7a2b21747477b2f91ec5235ca3435132ab2c8772187d7030371eddf8e342e44d548559ec7a36ae2881c46df726c03807cd87af7fe439d4b054c33d3deca69e9a66a9a968ab210a156399595948239cf7c63c8e46a9b094bc873d63d08b759699aa6a6578f90d0f25173c6fc67ef01e7fedaa4e8bd5641bac7d91c525614b5c9051d24317f693382656f539edaad4cb4416bfd92dc20b54950953e24cae04514285d66523820f1839f23df9fad6a0d15d49452d3cf24532b2c8a4a90460820e0fe7a241d8ea868d8b038f3d1a2a83715016425949c79e3b68b520a89d7b2eb2cd4d59575f22158a48446991f7b2d9cfe5ac7d4cd35a50fc31adc9f31e791ac6681e750db6bea2731dbe921fb4b2834f54a36b2376e4f39c67b76e33ad50661b29beaae84a8b4d4d43ad6c55d544b071b0ee2c5b69393e793e78ce47aeb429dec0d771f7407b36abb8d5453d6501f0603ba4595da30c32783839cfc3fd751b05ba3d1161e8ab7d0d2c61e9d1c236f8d3716442704e33df9cfd31df45133cdb246f6a12c6038c29ce703079d5d809301f51daed561a3371a7b6c0d38914379649f3cfae939727bb8d9d0e83a45d5e5f74dd0197af2558f68a14f9f88759bed6fc8ed7f9761ff71fd02543d4d709a916586d70b42dce4cfdb9c64e89679356919a7e11d3e39384b23bf9097ac6acfdcb753150a1b7098e30771cf6fee1d57da25e41ff0083615fc6fe9f2fdd0ceb7aca586a5c4d6f81f61d876cc480719e38d53ea5aec331f81e39a4d4defe831b8758fdb50acf6d8593cd5989d0fda9f90d5e011ffadfd093c54914d41148e899281c0c6429f2c0f86b4a76acf3b923a26e2bb32a3eb4e8ab71ac352b1b4b5422ccf1c5091bd73dd4f6c9f4d12917122566e8ba992aa548e22bc1cac806e524f031f01dfb7c3525318897f4f74ba5024e6ae3462fc636f18ec783ebacf3c8d8e82415a0b7d3d145e0d2c6b1c79ced1db3a4b9396ec6adb831244c1b5024c90dc6eb516e96963a68a191a45762652c31b4af031fe2fcb58fc47c457418e3371d56eb9a17d2f49f69938a75470b94b5cae56e364b7eeab45cab993322e781ebdfcb58737b4193a7718e4c0d396eb7fe83f1f86c72a6e1953af43bcf5d7be9eb68913a7a91635ced52eea3ccf7c71f5d689f8de5c293cfd3b8c5f76ffa0b8f87c32b6b165527e458d6894545052cfb02f8b1249b476195071f9ebd0a76ace4341255c8d11430bcda29eed4669aa8bf845831d870491a19c14d533474dd44fa69fbcc7c805fa0ec71c6cf27da02a8c9264eda4fd9a074578d754dd2afa1c53a6ac5187095556a22073b6660179ff5c6a962c6bb84fc47ab7cc56fe8bfbe0da5b0d8f0c9257d61523690676230d8383f3c83ab78a1e60c7aeeab98c17d1761bff56fa7266da2ae7919d871e293963dbcbbf6d0fb9c6fb8dff11eb60af4a5f8189fa2ad299c2cff00ff004d4fb3c05af1bea7d3e811016285225ced450a33df034d5b23972939c9c9f71ad52a4d118dd4329f2d0364882e6823425914023f3d2db1a81d5186249d2d8d8b1998d4648efa01c98d5d973e5a88b1fdd6aa5a3bbdb6a69d82cc91cc5495071cc7e475c6f1eea27d363c5971bdd4bf434786e28e59ce13e1afd4985e1049d6361dfce63ddf5193fc745d6ad7e29d37caff009b17d33d3d166af338f574355fa12f4d1574734009324053262181c039e3c8e31e7a2f1586778334a1954a36ae35c71b277f8f057413c7ef71a9429d6cfcf9edf9123e9951fa12ddc7ff005a2ff20d7a58f071df2152428249000efa3286b25553b6f885446af83d986578efaab41ac73552a073b22a6d3712cacb9c9917041cfae82d798f8a6ff83f99a930eee2ad463cbc543c7fa6a6de61252afbbf93148d16591aa951800186f4cf6c7f31f96a36b82a31972a3f9331981836ca843b1b792245240e38f967f8ea5a254972b9f46729e4466795aad42eeedb811db38e3e1aabf52b43ad2a20f927859f6acd196270006e4eaad01eea695b8b352342c040cac0c03e96c72043827cf4b61a1b3a360f3a01a98c1d0ee3ab0ec77d593c14b536e6a99e2855a398032385c9cc7ea75c2f68f1ce7d3c14137bf6dfb1afc2a718e596a75b7ea3fbbf5bda6a2f16eada4aca7c532852b24f18ddcf38f78f96b0f59e212c9d561ea30e397c0b7b4c774dd22860c98724d7c5e4cebd41d6fd3f359ee30dbeaa112d682656927400718e3def86b4f5be238e78678fa7c52d591a6ed3f4fd8574dd2ce39232cd38d438a7f32c5e9aff00e0eddff8d17f906bd8c783cfbe47d531bbc0cb1bec63fb58cfe5a265c5a4ed83a3b6baf6962c7a0887c01e7e9a1d239e64fb3fa885adb182f095c6dc18876c9c7f1d4d25fbf5ebf530f68049d9f675f4c4238d4d045d45737f5375b70f1647262cb280088c641e3cfcfb68b481efb64bf5311db1a3fb8625f77692231cf3e7ebe5f8687484f3df37f519d45bdd41f7e2c677604400cf6fe1a1d212cebc9fd41c6dceac186c241e1962039d0e809e74d553af99bb464770411ea354c4219d5d3b9dc42b1fa696c6c5f6033c2caec0a91ebc694c624372bee9c03f868431ac918cf6d592c65ed0ba26a3ac05ac5254dbe034be2e456d29a853bc28c81918236f7f8eb5e37a4c73564523f61f71f10b9afe99dd8da00b4305009cf6ddc9f207cb4cd4c5e93a0f6117591aa44576e9d8e39f20a7e8b76c0200c03bbe03ebab4d928f45d9298d1db29294b07304291160319daa067f2d59410d5905a8416a105a8416a10c37dd3aa203ea7cf54c2456fd53d195f75bd5557525d52992640be1b788d9c281b78230a71ce0f99f33aa2e86747d1d7da657f0ef94b019265a82b1c52b2c0c3c5c24619fee7eb070dfba3e82c890c6bba02e0e91aff58a765a788c1096460db3f598dc436720c8390790801f500d85471aae8fad9568d16a6993c08a58885126dcbb021d7dece47c74b346b4f7a5c7afd79e41b3747578926537da8f782aa48777891855c633bb0738c1279209f3e743a9791141bee49a2595614597c32e060f8630a3e5bb2741430fffd9, NULL),
(12, 'Aventure', 34, 'Valkyrie Elysium', 'Switch', 0xffd8ffe000104a46494600010101006000600000ffdb00840006040506050406060506070706080a100a0a09090a140e0f0c1017141818171416161a1d251f1a1b231c1616202c20232627292a29191f2d302d283025282928010707070a080a130a0a13281a161a2828282828282828282828282828282828282828282828282828282828282828282828282828282828282828282828282828ffc200110800d800ad03012200021101031101ffc40035000001050101010000000000000000000006000304050702080101000203010101000000000000000000000001020304060507ffda000c03010002100310000000f5389116081a2e87e4ff004c0574b109206d5b9fea803f3c164869cbe7d0492049204920492049201f041eaabb9a2e3df3abd2d1e8e5e7baf23e8c99e6a7896f72bcf4d0bd28bce1c0bd24bce3ca3d21f3ce4c37e945e73e45e8e5e73fa47d15f30a4b30a0f518bebe83576fe52455f56320b27a349cb4a809a48ff7156ff479e1def340e0afa106b127a0a089110b5b19ed04514260d8158a158a4fd0ebe7c527d7cb9d00e83255af6651f36b8b8453c06f600ec409956958d77c20b1e20a44be63207df82485a659995c788252b827b3d1b4d068cda8eef4df3b7a180f3f1fe5c8fe9eef451e60f9bfd0cb363ab4a1d9502ea7c1967f8922292fa128822de2f52ef3dbeee1e70c1db74b6759a5146795f57abbec4c41c8f9fb93399e915c7e41173d2621dce70b600d5ed5cf46662a6e3f7f8750edb307937927894fd8a8a12e088f3bd45b98eeb7557a2c6ef6a0a9e9d4352f35b14f51ba358448588ae3d3ba721279a9b97546ee2305ec5b4065ecba96356d6745bc67b739965f9cce9549456fa2475fdc89fb62f1492c1e60363626238f1f47ce4fd7cf91ac07a4655cc231435d70664b9983fafd4250f48c3ba89979e06a7a71cd1d46a15b5f6aada113dad93c00a64cb85b32d3b2bab2ab8a1af2d5a2355938dacb064d88459eb9736fce51061ad76a25668a1fd55d5849f39d8712701f72e6d6777c2ecaa53f4b651aa58b5f3bae719f40afc2d32765a6ea9b7b5b222a62083b263cebc7b67c9b9d5f482a7c7df7b7aa4231c968d132c8d5ab9db0200ce1e7d1e086dbab4a63d2f11c91364c5f5a8d2c0e07316f47b019e352aba0dab6243af8e952c5747b7ac8b63636347279f5516e95e6fd0bce70bd539a578713f974e743d08cf05b11d61d1cc2498015d33825427f48feace393ec673beae6dcc83d888602f3122c17d0c429e51ed4f2bda790c7698feaf9642799703cd773d95d3d453c25bf07e3becbb8724d725c6a29a25c9aef44e6c9843274013b141b5837673031c8742cbf2905244acf710f245b9aa4ad4f749134c2442c2624fd2994c9294bd1128534740938a8894ab6124d7fffc4002f100002010400050302060301010000000001020300041112051314212231324110152023243033513443523542ffda000801010001080215c56f3a1b4330b0e2b15d482235f70b4a8af2de67d239a68e04de68ef6de42427dc6cea1bb8267d62fdc92448a32f271dbf8aef874ab05a682fed6e2ad6e62ba8b996f6171757d099925b576b882e2f389c91cd7dc35639943c2ead6a1adade386382fa4fb8adbb7ee4cd6d246639a7b0e1d2c26309c3ecb0a2e2092de18f4559add4615e6b6718747b4439437101f5fd0d24b6a9ecea60aeaa0aeaa0aeaa0aeaa0aeaa0aeaa0aeaadebaab7aeaadebaab7aeaadeae546f5a8ae72ea58f307956d1e56b9c3bd0941622a270f9141fc76659432820ca9a061cc1902b7fea47d4b639807a9980da9e4518d398354223954fba27deb02b02af788949715f7435d64fa6d42f6529cc0d773a26cdf7434bc45dcf8f5d2edad75f2edad7577146fa65c51bd98385a17939191d6cd5d64e14b527127760a3af35d79afb8357dc5abee2f8247dd1ab897f3d28d8e007765340cab2bb5386fcde5ba9462ac0e0e442fb82d213f359efdb6f782482c283ec09a6609ed9277c145b6fe65a8f95c8f2529aad663ada3af61fa712ff0023f66c5a3557e65cc912b3490492444b182e591a77317d0120e4736b995bd6d45aa389a4cebc4bfc8fc10a66a289594ecdc339bfc3342d0b61fe914ad1e75772ed96fd98e11ae5f88d9334a0c5246f1b6b2520c9a85702a28fd16b85c7ac2643c57f53cc7899197ddfb71fbb34485f5be9192e7c7ad665225382de3047502f966a28c9d50713939167cb41c9b6b389a5bbb6c3af4edc3a392699564e176f5f670ca191f83dc06c2c961711fb9a1917d7f0dbf6cd4a5ffd5c42c99ee3f2a5b7962fe48877a8c78d46a0c6a2ad6d83c9869385bc9eb370a9e4c6d0d95ec0a022dade22b29786ef5216533ac6a1da5dcc78377b19b7335bf2b45bb8d59d9aa6897e35ac50150a803bba4ad8cdf48c973e31f11995756ea6d25cf344c15b0aa5c479aea61ce285c464f617499c52bcc65e5a5da49068aaf77708703835ccd2cb20952f170a88d751efe725eecadadd4e1cd48682976ecf1e9d8ad423c7b140cc4cbc4c0ea7b2c2efec68dd3df50dc4b09cc72cc65f7d59aed382785346b76af3cef692c85d9a3e1ff324f12c062b6e6a47b354a240199a40eaa0ae8740ef2c4a10931c71acab1c9e1293a4f3c72c31471c59ed4bca04e389dbc827cd608a13cc0629dd9fdd8ac50ec7bc53c48a4575718f43783e3ac3f11dc06d8cce2dd8e8b1723c44a51b96bca9748e162824b6e5a073341b642bdb789a736e50f2fcf5a59e5ffe275cc8a6af1e249143b0b379f5a3c3236fe13c3df72ab25a491fb8c7452b4358fc39acd66b359acd095c1edd44d571758971577bb4bba1b29e51b3982481bbf26411992922f11cd9671138151dcdbbfadb726590a493744af807947d8d1e31b9841a36dfd1b66a30b8ad5ab07e86270bb1fa498e69cb9fccf1ebf96c568dd8ef8018ae63b7592598a35ed9cf07e64b514dd8355dc5fed456ab7bac2e8e88ac33089236931522a46172f2c5df3cd8b5d82f2da9ecc9195e54be8d750b9235e549527f254a523924ccd03ec598820f7b1b836db32c571cdc960798304d9c4debf6fc77879370eba3496aee9897edebf1c89a33da1e69f29996d3b92d6625f62584911215ad4c4f878cca140a62f8eebb366b73f0cc39d837efa5fbe121b6b81197997c3cc64f6018c6c2a2b95f98a6ff0092449eba32ca408fcbd0923d4106b96beb5cac918589962da8bd5c2f5303a182568a5d5ba986486b99a1f15997bed3beb7068306bbcb848b41ce9f74f75baefdda58c04da2e67fd078aa19a20314cc527dc4b77ac40c780d0891e0e72e4ac32eebe3c3c24ca6a5b751e557926a472d2291d8196e917ab72831435d71400ae20f8b83515c10d5f750abf9b77746e24c98e465f64571739c02ce7f97f4ac7bad9c6dde2bc86689b9ccfe66315c2137b168658a5022a66027a8640942fed828cdcdf81ae0c735caf78356386e5156ec34c79816a6af6306e0d18853c58ad6b1f45765f68bb97e7a88dbdecc9afe4ab812c4d53b98edd842d293e9b9c8260955c60bdbfa346d6e926ad3dc5d69d92dcff71be476e60046fac2d57485ee08530cb46098d343222f972be498bb572b35c834508ac7d366d71f81656142593e113e5876ab56f8ab94caeca188f485f3c45c55ac62493ca78a3e48922e23ded71f4d7fba26b5dbd79628c628c42b915d3d0b7a5b715cb02b144546fa3034873daa78b47ed6dffa8f50c4d21f19cef6419788ff008d5e95b533563143d6be68fd07ad1fa6a688c7ad1a3e95652ec9839feacc16e2ee16059e26c89ccd22eb5c5d5a3b4cb34993464c7a467bd16ef41828ee640052b7c51359f234cde54a7b8a8b1a8cf12c0b78cd05d969632d9c72d86331a49149bac722b2023a816bc45e47fbcc03d178c420f6bfe211dcdbf2e2fa038a0d8f5dfe4e7be691b0db507c28adfc09adb39a0f4bc5fc42b5edff0052a05473e3d7aa7c1c199e9e46618a8a768c607fffc4003b10000103020207040902050500000000000100021103211231041022415161713281919213203042526272b1f0a1d1142382c1e1054073e2f1ffda0008010100093f024cc70408984c7d2ac5b8835dbc72d5a453f155a9b9dc014f6b1bc5c556618139ad229f8aaad73b80f6ae0d68cc942a39a08fe66186e69ce2da545b88329931b29e1ece29d469b3110d6961765deb48a786819185b86fd653daf3e9b14033b9180444aff50d170b04096ffd954a3598585d8a9db0f5bfb5752734e61c42a819222455cbc5693e99ad00063aa6c8ee5568803810154a407270552911c0909d41a7910ab52f305fc37e89f40742156a5e60ab52f3055a97982ad4bcc156a5e70abd2f3855e979c2af4bce157a5e70abd2f3855e979c2af4bce101e080f054c4426d3b4da6eb041df64da7613739a637bd359309ac02613073e5c906bb90e8831df45d31bdac374c0604a68df1ccf04cca7bd60777ac1b5c6cb0b7fbaf47d26e820a9036f89516f9968870c4cdd68a0b73995a1c3389545be2b47693d568c262735a389cfb4b45fd568c2f6175a28c47212b4611d568c338ed2d1840df895267990d1fce50a1e729b43cc5368f98aa74cc70715499e2570599541d2460c670caa5eee16b67213fe150787d5ed173e77ab11ab4887e426fcfeeb490fb7cbfdd69a56911b9a042d339039755a53812dc9dc56946226001f6551c587710173fb2ed426b0d9369a6d2466c7570f63e8c1dc5dff8561c4e1845bc4a7d063a6e5cccc46eb754219bb5d8aa74bca994fca9acf04d678200741ab87aa240fba0ec51302fea45f92cfd954c29cd7cfbbbd34b4f03ea6ecfaaf7fec993352d1c1348ea3da094cc5f523b9343c73561ab26dff65da798562fd81d1526d4754337dcd4766a7616d53a7624b64ca7e1fa98e6aa800394b85d5ce7926263bc3d71d48de53daeb7454dcdeed662493f9f9bd690fa67dd2b4b73bea12b486ba040909f45cd064076e54e93dae3276e2ea8d56fd35e568a70b5b176872a4e14db120372e308b839d9033027fc2746504b6f9dd60c13683280eef55d16b0462cb69aa8e17716d93a42a6e730f0ba7b8750aa3a7e92aabe7a1555f8898ed155aa623f3aaf53c53f130366e838dc9b3b0fe594c435b7ce332b13791223eca30eed91acdf577a738b91dc862e898e1d46a790809e3ab26ed14e80dbf7aab538582f4c50f46c76666e53bde810d1fba796ed91382d037a75437f83f392358f10d6fe6e45f4f28150f8af48767138b4d87e05fcb0d6cedba717e8a9369e1198999de9c1a981e38b931d11c35557c75507bb5890a996cfcc9aef154d31a1440160bd1dc1be2300c7e782a81d3632e3b5cff6552f1b4455cca01ae88bbe49f029a5cede5d26fe2a90758e2ceffaaa6d9f786137e97b2610e1b239fcdf74da607154e7a3513b2981d39db72a6e637e2c956b78a707108108fb672aaff14cfd5017dc5616f7e4b2dc772e9619a32eeb29b21083f33552a4ce6eb2753eac795507784d2d272e7d114750410d42dada566da737e329a0db7145d7e29d6fd16cc672a0b49ed34ea3b433fdd64731fdf500fa67dd729a8ddedf7dbfba1b33129f62539ce038058a38a78584a608ea9898ef0d4365b4f093d5436771d507aa027aa98e05300ee4f00fcc9ccd83104a008e2d858bb9c8c70dca8b2a713bd502c777854ea307ce57a3ab4cd8b662512c3cc27872b77a9ea2ea4ff4ea3b32d944ff0012e26c6d7e0843c1c25024ab1564ed555f0ee29d74df02ac8e13c956ee2111cc26840e26f675361d1971408e69b3abb2fb150d2cdfbc391b9995580eaabb5cfe1c55361ee84c7b7a194ec5f51211c4d8b09959940b8138712dd62ddc53b3dc7714e1886764e6f4e284998899213b035073a9ee2162f04e2aa13d67542a6c73b71de840555cd5518eeab45c5cd8b1d33cc2d2193d50691f13772de84d37027a2cd64554a6dea13e9b8f44d3b596e5558299e1a84aa51d17dfd77108870f982a23fa4c2ab51bf2b964d85d970379ec8596b7b2d9313c4347642009390dcd0b3cd668284093c9527f95527f9553737991ec098e1ea1d573ea12be046c14c2f887fb1ea103057c054590c2382f887b469f0f57b4dd57380aa6552c2108db03578ebccacd66b8fa97953260df5428444046c985edc3860185a23c1ff95688fb888f48b4734b6b14e39d79fad9eae0a95baa6c77a1656e89c538eaffc4002810010002020103030403010100000000000100112131415161718191a110b1c1f020d1f130e1ffda0008010100013f21d220e649e4612a557e62ed1dbe8934cf756cb0b6ccc0bac02e243d1d681b60c08e3c93875d7671ff00507ff6ba08f5cf6d5c302ed85a9ddcd14cb55cdc2ec0d53af48b3fbc0a559692d6007b6c652f6827b246a06d2c00eba048cd172cf5162db4f4f90a60896367fd0951e94c33200b141ba048118a4e60a8ad1812d1505078276fbc08a5bf922777385832207632bea88482bba770128a3fe934d34c20801041059e0e20bff1a50226c38dd5d38c468476a35be2bb46b85d9b508d2c13411c9d63b7cc129529c1c45688dab7f89405b56bd25ef1da652aaa7537d1bc425882d42cc9fc4338ca6173bedda29d6f1dd7894c10de1efd0ed1bdd12bc4d7ab510c08288611be3cd7887aa4b4b4c46a439e5d31e913aecb256498f6f9828c0b2eb63e49d87b4ec3da1bd3394ff713dde8a575d4a78028bc0731cf5d581f69fe9e292857be880d07ab731d608b1e58e8eb122fefdfee221615e0dd89b1e736c1b74e6ffbc41f4b8629cf48b8575f07bcba9dea827ed1f89fba7e23d63f7e93f68fc4c63f2743bfd3ad7e314ebd05b52885b64604ab1015aef0d672143186bbf0f78db8650541b35ae9cc0a2d52440d8364472c844b1d57014f06400bf9182a6d51417685bc55e3d7ac098158052eb76146eacef2803a08503876d15d6001c00a34715af3e650edb7037aa62d8a205a0f8353e17dc8caa5bc2b86091760dfe61467c2b383b52b40b163c7d3ed7e829a53e85f171de77fc2e92539078b08ca20563146bae5c18eacc3866cf002963704f11c02be38fa92541b1388d955179fe1678b1c7a625906bbcfb1fe17a289882baad7e5f4836a5e00955bc269fafa9a5da62d70c15ff2d193a0f98cfc01c21987f057d786f6517f7f9f7ed83de07833c75f9635a1750754cbeb89f26e1ff438684a4dd31b21e38976530964c0ee9a83d06734baf2c70eaf0f7fb31173b8f3b7eec30f883cbe20c071f6ec7c7bc2bab52870dc063046b7200333963f6fc91b3c1c660d62ea5026aa1959d7173fb06bef345e1c6f1fc7e053d8fdc4b6081fa0ed2f18fe1ca1e213a5c1f584e508c25aede5ee603da1e84964d5f5cca66b4a343e627ca6928f49484d6adfa98c42aec2b2eeb20188e34bd9878063eb8af98a7a709573c1eb1dd7a8d56aaeb8ab4735d312b725f71d76810dcc3c38993c6850e484652312997077eaf88aaaa74188dafc10cb519a8dc5b18e740f61e5e208593f78e4ad413f07e5519d0405416954420800d6c63c07228dc4f789c273be35c37fec45d67ad4b706b3812e07d69726579cd116e5b62a3b0437e91813adbe615a815e2a50cee66013b096c62b3b8c2434e387827259158a9619f0d952ab6baa7cc087d00507537c41468c26d99fb1af9a80d48dde7f4cb1050a3d57b4b769bcd435fbfda69303962f9dd3b7bca6856469b9bf897558154c62dbaf3f2835d90a6bb7278c2fd628530073cda8e898ef0604c760e5e4ecf780db70864ba142019aead25e5db9b8355aebf783a29ad885603317ecb1ed160b1b1b452ef75a9f697978687ac1750a588b4b5d7a4769470cf559fd251872e4197d135e6040189434ae5c5b16a128c172ab56ab56f32fa791106ce45e0a980ccb2ab5bcbed51a02964b29f0baf4840c10b00c718d33f683168559c3f917bed29d1b95e396709c3b92c0723a5daf4dc08de172e296f86d5e92db76f6b49cba7ba3e655a8aeb5f64115ab41d4ce19d789d8fc45e1b89f0fb4592996cb65bfc80235062826a6ee46f10ec83825dea28583ed514970517f84a402d00b1cb42a574201ea160f7818b66747e262ba7868fa9fd4c1906032ed8e65e3876a8933fb59f33006b76303aae674a4bb4c0eabe804b94ef3da53d198d9f3fad0c8c1cc2cef60a3a07da73ceaf144dae60c6c29c5c0d345fd04c535ac82fa76fa3acc90cb3da0128ad1154f476fb4a9c31f9fb6af2747b91154f2bfa1f199aac99cb1dd8cd5541325fa4b5cb1663ba01ab26e5bb35f51fb372c6f7ad9557815e5ff00d066aa21b803a266ab106a8204bcabfc423cb91bea223160e044d0b2523469e2eb898dd7629f99ef9853ed2abaa859215e038463e21cc2d917e0622727e9848db5fe56d2136ebc82be638a25743ff8c6722e43fd95003b41f5e7a3281ef10f2049775d186145f0ebf68495d4dd0099709181b4900a944f12dfea1ab641747d9865b5b98439ff004f985fb2011e0b02a9c441cfde735c766137fd660b15e575c428c47710d52c73fd91cb47cb1f313acaf3ff009964835d10f963a214d777c6a1d554c0cb3d4fe3b313598693a4ab2b88df1ffa88cb071519795a635ae931751cbc62aff3002ef2fde8f309656e2d6635819c36e24f838f585fe1edf89ccfd63a452ea7844f5899ccb803a5cbf7d0b8672b6e69e599af6b1c303bea8cf132fd0c21ff00d4530a8a74a7bc461ff51821c70cd6abd3fb88bb3eea2b56077ce2c227aa3fd4298c3e387b130ded005dfccd29b4c55aeaa2614fe8dd7c44115dc7fb35e77830c47d1b9f689942c963ff0025bcda3f562588c2f9f3510908e8caf3e90bdecdbed0bba1b439aff61dadbd5011063168f079c98cb09a6821db3ccb80abd8f0f31530c97d13b843754c5c329609c88a8a254f822614ae9ab27dd668b7c861d09e90d05adafb301313bac3bf698e756b97b17500fb7d65899a60bf3b896282dc3eb18000cdd85a72c41b4b7cbac30f4257041e66e2294585a170a6df54bec7eb97a0b56c80fc336274a21f4cb7494c5adf358fe1a749de29e2f5ab8eb729bb990a88df4e48f497594fcc1b08ecc01776fc45c5456e6ae635ad54c6d85a28f99599946084f8990a7821a670c23b8ef28c5fd006e02288509a9e9284e21606c4b26637228ba96ece8f688eab66d85564ebadd475fb39850b667975c1d665a32f48039dccf7d4170bcbbec45c188e2e600e6615312f3f2a2684f254b22c5ccf26ab13f7649d4a124a501e92d796523cc3fd468e65ad1f714e22e0e250a56f31beefed03ba7236466471552df73195cc16ec10a9d025912dd751b31bfc11e10b1f77e25c2ad7129ea98cad4501658c448a0db9e25e896a0fca4b9aef075e799ee2ba44db22eefa4b80a89705f6ef2eb135571e173058a5d8cb516798cab285f96372133eb31e46355fc4713b43b74a536ea369f72e5fbb8a52ca5e219067588e3e3ef12a53a5ec89721de7ffc4002810010100020103030403010101000000000111002131415161718191a1b1c1f010d1e13020f1ffda0008010100013f10ced91ad812771dfb60fa1a1110947aa319d34ff09014624e18791888e50e598941044b382bd5ed81e1e4dea8f061b32a0113375d5bb6397ea7fd6209812795c5318d512d5725d121ce6a4da8268e24dd5ed31189254839420894d3814e4016d895674307c60b48f6537c25719e28b55dc16077736cd9a0b02ef5a1c261f10b1c5405f6c02553a9b087c21a3709890a2344ff00a0b780a03934bdf77348fc15815201a030afa4b430861595b79c67a558e680935dfae6dd6ac9576b0722d32af469a598c9088a14ed4706a122013b3bc971f267834289f54778382040003eb9fa57e73f4afce7e95f9cfda3f39fba7e73f74fce7ed9f9cfd33f39fb67e73f7cfce3fb87df186bbd60f4f4c483999fa1904bd4c5cfbc703d5d76ba2cf2c97c52ed2f0dc120908a014178dee7a66a9cd92449ab4b3d185c49e8543d12167570941878b6cda44bdafa60c6e9e86014882c5e94c6974716aa1760a4e94ef896ab8be037c30cc06ed039381e8f7c4c99c164c2282d63bce88d68a550f267387b35840a9cb5cb63c2f6c3a4d0ec3a0748c0855bd718402804f4a68e6e4a983b874d0b4afe32396416ee14b429a47c32bf5dc00e902275ed9ffc167ff2587505aa1d3d33f6bfc66c1e79d237d09bb8f1e5115453285a5e34f6714ab4791385e8f7c5d15d385d5f4c2015b8881578e032c6a09eef84b00e9bebae707d129602e12e81a6ef531623cd76554b39eadf8c95f14579f426974fa4cdb397e8874f798e45c514da56ec2a2bad62fabdd02ca50ce3d8eb850966cccb4a8ebb5c378bc4e41557a003829d1e71b3db98baa83cd86b6ef73328442284771ad79e9fc31fa9ed833248005f5758d11b540bd8421638b7030894e1c8b444bcabae3efd8bb0813659a987adc5175974719c86496234c79f483311452312cdd47259a85202db2414e4ec926074880506a1ad25384d1d262d0242d26ba0ea50b76662799939855a025b69c81c1aac4bc92c083689e5eb8e3e606c2a053a34539e1bac045511a68100834712e6f2c70a6e2a8f4957ec6a185828a3aeabe5d7e79cdc01d3409a48ced7ff00aef3424a72df92bf7d7c60577a1d951dfcff001c1faebf8a9b0eca62adaadeee55dab9d2e556deae7ff115c54091682234ac1d1d31486690222481e94a68298bd5b8e02b2021200abdb02bbf43e014e828b3a59fc89d32514708e3b105502bdf487c621e97a7fac6fa5e9feb096dbc3fef1d9a44906101a4d50739fbbe3ff0c2a6dc2a6a51e22ce809e3cb0e83a632042a69e53817c6688697686ca3ecfa3a7f9452e0d2e1c73faf5c40e98246a75875f3ff0020952743940fa345f1879df062ce23a7391312d7d7f851d6b3857ab8cc9bf7c047b0f50c46715bbd2a7c9f90c2b95d87450e761f96e389fb41b3047847014d624ff8a4d07d78bb97bf1678c5cdc2be42a69aaab3ce69295975c76cd43eba87916a7b6075c70967be50104c38122dc5e7bb17c60f183eff0027db306d6600d48dfdb4f54c6d068a1482bbca0eae166b52c5844e28a7b279c707a0226852afc77c26e8f70306a6e697608b25eb9540487b121612cdf9c6b61fa7665d9a75a4f9302a057649ff00839c2060bd0954eb782fba2e44c359813905e410f9ef8eafd06e238de97df290cea6aec34e506034738d1920e55f8897021c1b20d015a78d5d8e559d9d1079078dc49503463c063726c056ed696deb3794100161d2c22f5c3a910afbbc9af391616924343bdd39306b9688a16ab40aaeb0b364c9056d51c0f4ceaff660018aad0900026cda72f543eca34a849c9845efd054b92cc38bdb2e0d97a643dc3efa1c82fba62e93377558c3bedc63e8c8eb8ed83ed687c6f9d34c258eaa87721a7e33b73b33dd8c159d3a06f6153c44e44344366c459ea47f1853a6959f48e6d6f7261edce46e448281dfa2efd1c08d0c9e356302afd1c4ab4e77e4f1dc3b26c3b1a78c4bc13ada6a5a6c79c7ee50215c937a038d704de2254f2cea00b0d75e9d71105802e341802d0b1e2e36263f68e062ec02e83d5e98cd089b21efc3829e8a2f8137f313e4c5a95183ab8176aa572d4c85828d428e821d261750bb44338c3764a012afa5c7d1339fca184784c6753503a2e998389302403efef9ca9af4c30362dbbd0f743df03bf215be89077b3ed8c5430202f17cd704dbb9bf92623448793845166b5caefa6282629208d1d21492e86f2b48a1922a34d50e4b01c504b2d3a745880ceef666e37261a8d4620a9b404cb091bca4ed34f14ecf4c449d4662a0aa7753787e8476261695a13d5b8b7764498aaec507253a062028262813a2d78ebe93d305b4e114c3680907b78302620d938ef8070fc3438ef1cca1f67139349b0fa0ca74cf0e128834761ebd32f8bdc314cdaea8ebb1836fbca3fac772bcbbf2e29cd7795fb6469822d761a420aa474c5160fb56041a8357d8e1b1382a6ce9a34442ae430646972f6002e81c6ead72b9c168d28488dbb0032c4a2f555742a86a31df138b4b7924aa18b57475b99c981b840524948d4c0475a31084ca9d97a13a1a4d3945b590780e53f38dfb480d806b4f49d72c0540f0ac6f9fd71ae9a701a3a176c3d0707db957ecd42a6e9f18971daa0f9c08edcda1b289d6609dc5518f5c60b5ace715e8f44c63256ba9dc988726781cf13f1879b3c81f6c23803d0cbef97958ad51ef93581406a7b62ea851542bcb0c9322891d3c87df1f11eb8a7035d7b77726e240f7dc204bdeb7112aed76bd6c07fdc58c85a5b691770dac81d71f1c76d4d74387c18cfe8817e751becfae01bc691ce86e9ee0f2612c68aa11ca380df5e8f6c5a042111e8a9ed8c0eba383e201bf395f3a0cf6407a6cea1953ea13361465ea59cc57a6729ed188b1bfab13e4bd4cd5f00ac687c60f9bfc2421034753d72d9b35304c4059bcb6f39b04812436447e79c441a00243ccd21bcbda9937fc0e3db04f4845017a8747b9d2a74c6515892a191ce8684e9879358de6c643edf9d47c83d5c52762cc5363debb0e4ce1325c14ece39655b9aee1bed41c7acaa44bac0d1778ee305bd2c780d2a407d6f8c68bbedd0b7976fb670821040dc8acc640a31cadcd1cc1c42d5a79e1e9f618fcebc201fa7d320e0adee43b265b1a888daff58ac1beacb712068bc7df18f68d8731361b17c1df145eb40b770b1f1d30ea7e862dbd9f388eae6e3280a08028e28eaf5c6b65dd5f28cda22feac62452741074882994d29905d5269446f51c1669eaf1d783f2e324a8d21cf9fc8cd3129b633a8e8baef8d5ed17c85eaf5c13112aaf48d394930abd3c04f965dd5f39b4e040ec1627b65e3eb68f8f5f5caae00d80e1dd49ee6a334f9438d5f2b16ea57dc0435ef0c6a003544fd9c97168f49955da0da59fb8cd4287a2141d088757af38d37c34014d4ec98d170b72ceba379b36005a2ba47070df707ce2800f503359d4222d1e89309d7e4a61115da4499c117c6b7e1327eca250f88dfbe51b9d1313d1afae02902ecd9ebcbdee3483318c4e81af71c5a7c9c679726a34e4718043db39f218220c0fa80a781c4ea194bd7432bd72d4002448940e3cbae6f0b6be50b8aa606cd7e71476407d3ef80f7072ad2f5814f6608ac501100d2ef91adea5d645c554552abe39c0f93c7879e1cd5a453c8744d14e985cc9ea89f30fa6152c7721f5afae5c77d69d4d6c75bb5c37f046cd1d0b7586ab1e088ec0fa2fb79c788968c050ac014d075b783030aae0ea4ee745d6cc4498a15c06e12c66ce49818b46cfb3e8bac8e22b35a6b6a89b8f96e6d5bfd53ba1271d7342619451d6183e529d8c641480d8eff39498f256fa81f9320f9e5f01a1a28e5758c63803359c3d31b805e48cc090b604d0e2e9f9c828c43ee603e0807dc3e98e00758cf5e07c612a472a1f585c1e938f7d5f6c518402a11a69ac04605e15794aa9ef8ead18aa164ff786eab215517d570f18d7093de0bf5c3dad549b27dbe8c4a88a8e35f2f3f39a10317b4ec471dc2248192b399bec61c4a13748d29eb8f6d75c743b808f00f5b9b185a52898a101cfe61962a2e47fb632d3a39f4c67d5636eb6f01bb8061f19cee3ddbc74553ba678de10e430779fa138c2506975672089ec98b81201ced70b0d099b2f51484e111e96d32d1399c07c19485142e206534b7861ed73450ad708359bedce11543828aaab7ec1d39c75cf8c414754460ea6da21945159f575c42446f61a7539c34b62339f17be251c799f93202e1b140e619a67a2fe8c7b44f2edfb6187960257a14e758dea2f182290efd8fedc1d4ffb876d0f4c26bc679d8874700365a271edfc1831b9aaecc567a60150dc0a7d739fa14eabe57355ab2cca037ae7a7530fc0d11d3b3f3929da486248b4a1d33c7bb6a6d02e19e6d956952ef8d9825284edac95044ef8003c0e0c39b5aca82d1ccc840159e1f3fbf9c14279758eb52ebd334c22f2f1c1fde5803bef86d8eb1977df378faf186026f9c303b6701cafa3fa63a68ae1ebdcf7de0317a32ed9510b83f907f78c3c803925aac94a97fcc968775753b3bef2cfa7b7c66fbc3bb91b0f63cf965b98b018a95579e32aa10167af19a20e78fd2e330de8a60949c17211e45f8c441e5728679c15f0fe93278fbc095f38972f3870b8e1ca62a54fd9fb395ee35e7dc1f7f7c1bb25373ef9ddea5acab3ba1807ce3851b483a7e30230dda6f051e7131c3817afaf7fdf388d464fc478c60eb6437aff0058542acd079ed8a34da0eb7f75e315725bd77c1db2c21e8bb9ec7e73965800763fd98609b22fae1ba486dfded81e5a3cf9ce6bc25a3434e754af7c0b0a01595225e28b3230aac7273fd71f6c71c6e3906ebd75f4c7f5e652c228bae209f1940322c5df927b618630c74f1ed95863d284d90c93104a002e6c699e31742121d9c9bbd78994504154060447f1c5145c2942bc87f782d36b8d71e700d83545ebfbce280ea079c0ec2bcbae242a8ef57418a75a43dd3fee4de9b43bf43ed8a80cbf77f9935560f7ddb8cf580296fb76f19bdb051342c37d31309a028d77f1cfce6c3dd3418585e7ab724e2ed065fdd63dbfba73b0e3202b40599fffc40026110002020104010402030000000000000001020011030412132131051022412032304251ffda0008010201010800fe30893896712c38944e259c4b3896712ce259c6936245c695d8511514c38d44dab3689b44e300592ab2960c6913c7b1e859570de08b1536402bda84a9e22dd0826a1ffa8c26be50665ab8322c0ca7c7e0b74294df96424f5c6e3c382a7e45485dc6bea2a91078efd93f59dcaf6c988646b871579b23b1b8f405bf883b3dcc486fbfba504c2c44e4ee8820ca3f85406cc0a0760ee1e37ede9b7afd72a9f25abb01ff00d56dde373880dc095dcc46c985a8c347a2128d4e3efb7c65616a34475f285435126a28f8881141b0403288f146e6504d001408f8c13dedfa5762bdc2f35beaf934ba84d363c3eb791f549a67952a57b54a8ebb96a6271fab7ade1dfad42da70d93d4b0b8b97f86a35070d569f29cc9b8cca946c1c08f44ae9d01b152a5403d9f12e4fd9718414b52a7ffc4002511000201030207000300000000000000000001110230a11061122021314151b10391d1ffda0008010201093f00b7382704e09c1382704e09c1382704e0421085f45f45f44210afaefabe765581aebb11929158639d19227ad47510adbd1e8f5f5aab2acca28553693eae3dff000fc6971794e7c3db6b54b74f0a984f7d8a5c284dc34bb3fd7329914722b5ffc4002711000202020200060300030000000000000102030405110012061314152131102232162030ffda0008010301010800ff009c9e2128c57872b607da65e77fa7cad84059bdda73f432d608df066262428195b07e00cbce406e366274d96ff236e1c4d363b23155383154f8715539ed54f9ed54f9ed54f9ed34f9ed5539ed54f9ed34f83f14f00f62b999ad63e5ac4f63cd7fac3134add542a301d7158e6b763a0b92240a225ab19b11c961e4c5c21048ad8e7036a694e3e99193e1bf15a02137cea081d3c399186b2959ec5baec1e308ec857a598278a5547b156c5483d44851b614c35a68d86f2d513b8d7a608c034516c6915360b15427fadc9ad728468d6104d90968d8b1ea3962f538d3bbd8ce5c762f19cd5eeab1a96becba7864d382ed621d132e3b1932dd0d65ba3581053aaf699c462e5d689ca71aef493cb9aa558adebcb930d693f9929da8ff00a2241f6892b6d95a4661a649566c84c4d6861a1234f52edcba83ac362d1c7fe96a3cc50b35143c3e24ab06e3927c944a1a6a95b34ca9bb54af59b8dd6aadacdc3292891cd7a7632cd847ad3cd663c0caf2b5866365a120f26be9762f2af41888e2959447e1c21bb5acb787e7c79ee8317398cac95609b1f32cef1aad80ab66d3c4d2145f4f6648f466a31d798c91495e273fb896451a590ca5c3732e2491e38e385e8d6672994c4acad1c919a51fa8e9473990bb8f2b6506564ea09b79d6aacb0c55f26f66c2c4c31f191a0f8aae07cfb2973b4930b327f3ed367ec57c75d56dc70e29bccf327cc6305fa5256e783b2f1f438bb96f4d203ca2dab71b17ca46bf022b41c191967441fb24aaca5899422ecd8bbe40ec3d7af42cd35c8db439e28a1d2636a16d711147cf039f93c13baeb4d61d8fcc161d57e2cdd91c8526e49f1c6b4e4eb86cb95d1361d1fbafffc40033110001030105060503040301000000000001000211210331415161127191a1b1d12281c1e1f00410323072a2f120426282ffda0008010301093f00fd3b3bb5f6563fcbd958f3f2c959081ff5ecac865f97b2b1e79792b213fbb7770ac7f92b2bf5cbc9595dafb2b3e7ecacc73eeacc73eeacc73eeacc73eeacc73eeacc73eeacc73eeacc73eeacc73eeacc73eeacc73eff00776ce5499e61540cbd72fd0741d7b891c402aa02a35839c7a09e28126d4ecb40898124df4a401fdab5a113506958ac63348ce53811e63a84d9dd07a1423ef59d251e34e62471086cdc264199ca0f1a085f501b535a3b1c441ae0410beb194bbc031ca004f6175a57f022eacd1c23ba6b1cd6d69b60d605355f4e74ac9be66a0de77481ad5844ccc99cb4f95b9083a0ec3ec0919031dbe6a5364687fb5eabe7af3461b3556e5a6229141c0ab57da6cc102f9385200e33192b47004cc4126300200ba0f2c2fb6924e05d3941c86e1a956a66b9e915be2fde6102e8cc9eb7a6c8baa76471bf70de4d4d25ad00c41bf4a107127c97d49914830e9de1d067714d0fce9075a87117e872dd613193a7d1583da6fbda686e344f2d2707022771b8f91554c28140d3923213276019a9323c2205d132451598d97ffe846113b51f325b2c6bf1683209a55a07948d0e6857411c8ab60d730d241900ff00ad2f137658647c4d3e637de3d0856e6a2e369041d24c13bc0d66f56ef69ad48601e4e0099dd2bea3687ee693c1e05dc116bda4c7e11e44020ce703748501da0205d84f4a1c6134b9968d9dc4fe43a919a92c0040c041f0c0ca0c18b8427569101dd76639ab20e19c27cd9998062995f91f853c31a5d029271ad08a535a572976d36e918684548a572c544c520c71a414e0c2231a9ad440be467098ecc18371831307db44cda9c767ce24cddc320155a45d98565b0622f269954d2745662777b279032a1ea0f54e91882d1d5a7a88cd62e15dc063d0689a4b9e412499148c3a6f5684b1d796b448ce601e2404d3b40997381ba6912056924814cd00e6da340734cc070c441044e850b4b306a366d1c46b1b53d689a0d0564a68f163282bd1808a6af0f9a3b457e57b778bb8d479a68a496c815cc19c471a1182ba02b81eeae1f674625159a132a9f3fb46f428e35d0e3c6fdf3fe18228e7d42c07a2f972f97fd8c15fffd9, NULL);

CREATE TABLE `seller` (
  `id` int(11) NOT NULL,
  `last_name` varchar(55) NOT NULL,
  `first_name` varchar(55) NOT NULL,
  `mail` varchar(55) NOT NULL,
  `password` varchar(55) NOT NULL,
  `company` varchar(55) NOT NULL
) ENGINE=InnoDB DEFAULT CHARSET=utf8;

INSERT INTO `seller` (`id`, `last_name`, `first_name`, `mail`, `password`, `company`) VALUES
(5, 'CAPELL', 'Gabriel', 'capell.gabriel@gmail.com', 'aq14e1fb2185c8f4187d4e9998a8d96ad82d2affd5d25', 'IT Crowd'),
(6, 'Truc', 'Muche', 'trucmuche@truc.fr', 'aq1b3a500224a8157d7c961adaf1a9c85dba97a033b25', 'hfeoz'),
(7, 'CAPELL', 'Gabriel', 'booba@gmail.com', 'aq1b3a500224a8157d7c961adaf1a9c85dba97a033b25', 'IT Crowd'),
(8, 'CAPELL', 'Gabriel', 'seller@seller.fr', 'aq1b3a500224a8157d7c961adaf1a9c85dba97a033b25', 'Truc');

CREATE TABLE `shipping` (
  `id` int(11) NOT NULL,
  `command_id` int(11) NOT NULL,
  `statut` varchar(55) NOT NULL
) ENGINE=InnoDB DEFAULT CHARSET=utf8;


ALTER TABLE `address_customer`
  ADD PRIMARY KEY (`id`),
  ADD KEY `customer_id` (`customer_id`);

ALTER TABLE `admin`
  ADD PRIMARY KEY (`id`),
  ADD KEY `message_id` (`message_id`);

ALTER TABLE `command`
  ADD PRIMARY KEY (`id`),
  ADD KEY `customer_id` (`customer_id`),
  ADD KEY `product_id` (`product_id`);

ALTER TABLE `customer`
  ADD PRIMARY KEY (`id`),
  ADD KEY `address_id` (`address_id`);

ALTER TABLE `message`
  ADD PRIMARY KEY (`id`),
  ADD KEY `customer_id` (`customer_id`);

ALTER TABLE `product`
  ADD PRIMARY KEY (`id`),
  ADD KEY `seller_id` (`seller_id`);

ALTER TABLE `seller`
  ADD PRIMARY KEY (`id`);

ALTER TABLE `shipping`
  ADD PRIMARY KEY (`id`),
  ADD KEY `command_id` (`command_id`);


ALTER TABLE `address_customer`
  MODIFY `id` int(11) NOT NULL AUTO_INCREMENT, AUTO_INCREMENT=10;

ALTER TABLE `admin`
  MODIFY `id` int(11) NOT NULL AUTO_INCREMENT, AUTO_INCREMENT=2;

ALTER TABLE `command`
  MODIFY `id` int(11) NOT NULL AUTO_INCREMENT;

ALTER TABLE `customer`
  MODIFY `id` int(11) NOT NULL AUTO_INCREMENT, AUTO_INCREMENT=16;

ALTER TABLE `message`
  MODIFY `id` int(11) NOT NULL AUTO_INCREMENT, AUTO_INCREMENT=9;

ALTER TABLE `product`
  MODIFY `id` int(11) NOT NULL AUTO_INCREMENT, AUTO_INCREMENT=13;

ALTER TABLE `seller`
  MODIFY `id` int(11) NOT NULL AUTO_INCREMENT, AUTO_INCREMENT=9;

ALTER TABLE `shipping`
  MODIFY `id` int(11) NOT NULL AUTO_INCREMENT;


ALTER TABLE `address_customer`
  ADD CONSTRAINT `address_customer_ibfk_1` FOREIGN KEY (`customer_id`) REFERENCES `customer` (`id`);

ALTER TABLE `command`
  ADD CONSTRAINT `command_ibfk_1` FOREIGN KEY (`customer_id`) REFERENCES `customer` (`id`),
  ADD CONSTRAINT `command_ibfk_2` FOREIGN KEY (`product_id`) REFERENCES `product` (`id`);

ALTER TABLE `customer`
  ADD CONSTRAINT `customer_ibfk_1` FOREIGN KEY (`address_id`) REFERENCES `address_customer` (`id`);

ALTER TABLE `message`
  ADD CONSTRAINT `message_ibfk_1` FOREIGN KEY (`customer_id`) REFERENCES `customer` (`id`);

ALTER TABLE `product`
  ADD CONSTRAINT `product_ibfk_4` FOREIGN KEY (`seller_id`) REFERENCES `seller` (`id`);

ALTER TABLE `shipping`
  ADD CONSTRAINT `shipping_ibfk_1` FOREIGN KEY (`command_id`) REFERENCES `command` (`id`);

/*!40101 SET CHARACTER_SET_CLIENT=@OLD_CHARACTER_SET_CLIENT */;
/*!40101 SET CHARACTER_SET_RESULTS=@OLD_CHARACTER_SET_RESULTS */;
/*!40101 SET COLLATION_CONNECTION=@OLD_COLLATION_CONNECTION */;
